"place_id","place_name","city","state","region","place_type","category","significance","description","mood_tags","best_time_to_visit","ideal_visit_time","recommended_duration_hours","entry_fee","rating","crowd_level","family_friendly","adventure_level","cultural_value","nature_value","budget_level","latitude","longitude","nearest_airport","nearest_railway","local_tips","food_specialty","safety_score","cleanliness_score","photography_spots","weather_type","seasonal_highlight","priority"
"IND001","Hawa Mahal","Jaipur","Rajasthan","North","Monument","Heritage","Historic palace","Iconic pink sandstone structure with 953 windows offering panoramic city views and exemplifying Rajput-Mughal architecture from 1799,peaceful","architectural","historic","Oct-Mar","Morning","2","50","4.5","High","Yes","Low","High","Low","26.923669","75.827481","Jaipur Intl","Jaipur Jn","Visit early to avoid crowds; wear comfortable shoes","Dal baati churma","9.2","8.5","High","Sunny","Diwali lights","Must Visit"
"IND002","City Palace","Jaipur","Rajasthan","North","Palace","Heritage","Royal residence","Magnificent complex of palaces museums and temples housing royal artifacts and showcasing opulent Rajasthani architecture spanning centuries,royal","majestic","cultural","Oct-Mar","Afternoon","3","200","4.6","High","Yes","Low","High","Medium","26.9245","75.8295","Jaipur Intl","Jaipur Jn","Combine with museum visit; audio guide recommended","Rajasthani thali","9.1","8.7","High","Sunny","Festive fairs","Must Visit"
"IND003","Amber Fort","Jaipur","Rajasthan","North","Fort","Heritage","UNESCO site","Grand hilltop fort with elephant rides palaces and mirror work offering stunning Aravalli views and historical Rajput valor tales,adventure","historic","magnificent","Oct-Mar","Morning","4","100","4.7","High","Yes","Medium","High","Medium","26.985517","75.851333","Jaipur Intl","Jaipur Jn","Elephant ride optional; explore light show at night","Kachori","9.0","8.4","High","Sunny","Winter sunsets","Must Visit"
"IND004","Jantar Mantar","Jaipur","Rajasthan","North","Monument","Heritage","UNESCO observatory","World's largest stone observatory with 19 astronomical instruments showcasing 18th-century scientific achievements in India,scientific","unique","ancient","Oct-Mar","Morning","1.5","50","4.4","Medium","Yes","Low","High","Low","26.9264","75.8245","Jaipur Intl","Jaipur Jn","Guide helps understand instruments; photography allowed","Pyaaz kachori","9.3","8.8","Medium","Sunny","Starlit skies","Must Visit"
"IND005","Nahargarh Fort","Jaipur","Rajasthan","North","Fort","Heritage","Panoramic views","Hilltop fort offering breathtaking Jaipur cityscapes sunset views and housing royal summer palace remnants with cannon points,romantic","scenic","historic","Oct-Mar","Evening","2","50","4.3","Low","Yes","Low","Medium","Low","26.9269","75.8182","Jaipur Intl","Jaipur Jn","Perfect for sunset; carry water for climb","Ghevar","8.9","8.6","High","Sunny","Monsoon clouds","Recommended"
"IND006","Albert Hall Museum","Jaipur","Rajasthan","North","Museum","Heritage","Indo-Saracenic architecture","Oldest museum in Rajasthan displaying miniature paintings artifacts and marble sculptures in stunning pink marble building,artistic","educational","historic","Oct-Mar","Morning","2","40","4.2","Medium","Yes","Low","High","Low","26.9124","75.8288","Jaipur Intl","Jaipur Jn","Focus on miniature paintings; no flash photography","Mirchi vada","9.0","8.5","Medium","Sunny","Winter exhibits","Must Visit"
"IND007","Red Fort","Delhi","Delhi","North","Fort","Heritage","UNESCO site","Mughal masterpiece with red sandstone walls housing Diwan-i-Aam and Lahori Gate symbolizing imperial grandeur and freedom struggle history,imperial","historic","majestic","Oct-Mar","Morning","3","75","4.6","High","Yes","Low","High","Low","28.6562","77.2410","Indira Gandhi Intl","Delhi Jn","Sound light show evenings; Independence Day special","Jalebi","9.4","8.9","High","Sunny","Republic Day","Must Visit"
"IND008","India Gate","Delhi","Delhi","North","Monument","Heritage","War memorial","Towering arch honoring 70,000 Indian soldiers with eternal flame and lawns perfect for evening strolls and Republic Day parades,patriotic","memorial","iconic","Oct-Mar","Evening","1","0","4.5","High","Yes","Low","Medium","Low","28.6129","77.2295","Indira Gandhi Intl","Nizamuddin","Picnic spot; boat rides in nearby lake","Chole bhature","9.3","8.8","High","Sunny","Monsoon greenery","Must Visit"
"IND009","Qutub Minar","Delhi","Delhi","North","Monument","Heritage","UNESCO tallest minaret","World's tallest brick minaret at 73m adorned with Quranic inscriptions surrounded by ancient ruins showcasing Delhi Sultanate glory,historic","towering","spiritual","Oct-Mar","Morning","2","30","4.7","High","Yes","Low","High","Low","28.5245","77.1850","Indira Gandhi Intl","Hazrat Nizamuddin","Climb unavailable; explore complex fully","Aloo chaat","9.2","8.7","High","Sunny","Fall foliage","Must Visit"
"IND010","Lotus Temple","Delhi","Delhi","North","Temple","Spiritual","Baháʼí House","Baháʼí lotus-shaped marble temple promoting unity with 27 petals allowing silent contemplation amidst serene gardens,peaceful","spiritual","architectural","Oct-Mar","Morning","1.5","0","4.6","Medium","Yes","Low","Medium","Low","28.5535","77.2508","Indira Gandhi Intl","Okhla","Silence maintained; closes noon-2pm","Dosa","9.1","9.0","Medium","Sunny","Spring blooms","Must Visit"
"IND011","Akshardham Temple","Delhi","Delhi","North","Temple","Spiritual","Modern marvel","Sprawling complex with towering deity statues musical fountains and exhibitions depicting Indian culture through 12,000+ statues,magnificent","spiritual","modern","Oct-Mar","Morning","4","0","4.8","High","Yes","Low","High","Medium","28.6139","77.2539","Indira Gandhi Intl","Delhi Jn","Full day needed; water show evenings","Gulab jamun","9.5","9.2","High","Sunny","Diwali lights","Must Visit"
"IND012","Humayun's Tomb","Delhi","Delhi","North","Monument","Heritage","UNESCO site","First garden-tomb in India precursor to Taj Mahal with symmetrical gardens and intricate Mughal lattice work from 1570,historic","gardened","royal","Oct-Mar","Morning","2","30","4.5","Medium","Yes","Low","High","Low","28.5932","77.2505","Indira Gandhi Intl","Delhi Jn","Sunset golden hour; explore Charbagh garden","Mughlai biryani","9.0","8.6","High","Sunny","Autumn symmetry","Must Visit"
"IND013","Taj Mahal","Agra","Uttar Pradesh","North","Monument","Heritage","UNESCO Wonder","Symmetrical white marble mausoleum built by Shah Jahan symbolizing eternal love with reflecting pool and calligraphy inlays,romantic","iconic","wondrous","Oct-Mar","Morning","3","1100","4.8","High","Yes","Low","High","Low","27.1751","78.0421","Agra Airport","Agra Cantt","Sunrise marble glow; no shoes inside","Petha","9.3","8.8","High","Sunny","Full moon nights","Must Visit"
"IND014","Agra Fort","Agra","Uttar Pradesh","North","Fort","Heritage","UNESCO site","Red sandstone fort housing palaces mosques and Taj views site of Mughal imprisonment and architectural evolution over centuries,magnificent","historic","fortified","Oct-Mar","Morning","3","1100","4.6","High","Yes","Medium","High","Medium","27.1804","78.0237","Agra Airport","Agra Fort","Combine with Taj; audio guide useful","Agra ka petha","9.2","8.5","High","Sunny","Winter mornings","Must Visit"
"IND015","Fatehpur Sikri","Agra","Uttar Pradesh","North","Monument","Heritage","UNESCO abandoned city"," Akbar's planned city with Buland Darwaza and Salim Chishti tomb showcasing Mughal syncretic architecture before abandonment,historic","sprawling","spiritual","Oct-Apr","Morning","4","50","4.5","Medium","Yes","Low","High","Low","27.0952","77.9092","Agra Airport","Fatehpur Sikri","Full exploration needed; carry water","Mughlai kebabs","8.9","8.3","High","Sunny","Spring flowers","Must Visit"
"IND016","Mehtab Bagh","Agra","Uttar Pradesh","North","Garden","Heritage","Taj viewpoint","Mughal garden across Yamuna offering perfect Taj Mahal frame sunset views and moonlit reflections in serene park setting,romantic","scenic","gardened","Oct-Mar","Evening","1.5","300","4.4","Low","Yes","Low","Medium","Low","27.1744","78.0467","Agra Airport","Agra Cantt","Sunset golden hour; no tripods","Badam halwa","9.0","8.6","High","Sunny","Monsoon Taj glow","Recommended"
"IND017","Jama Masjid","Delhi","Delhi","North","Mosque","Spiritual","Largest mosque","India's largest mosque built by Shah Jahan accommodating 25,000 worshippers with red sandstone minarets and courtyard views,grand","spiritual","historic","Oct-Mar","Morning","1","0","4.3","High","Yes","Low","High","Low","28.6600","77.2345","Indira Gandhi Intl","Delhi Jn","Climb minaret for views; modest dress","Biryani","9.1","8.7","Medium","Sunny","Eid celebrations","Recommended"
"IND018","Lodi Gardens","Delhi","Delhi","North","Garden","Nature","Historical park","Expansive green space with 15th-century tombs lakes and monuments perfect for jogging picnics and spotting butterflies butterflies,relaxing","natural","historic","Oct-Mar","Morning","2","0","4.6","Low","Yes","Low","Medium","High","28.5833","77.2167","Indira Gandhi Intl","Lodi Colony","Great for runs; boating available","Momos","9.2","9.1","High","Sunny","Mango blossom","Recommended"
"IND019","Meera Mahal","Jodhpur","Rajasthan","North","Palace","Heritage","Royal residence","Century-old royal apartments turned museum displaying miniature paintings weapons and royal memorabilia in blue city backdrop,royal","artistic","historic","Oct-Mar","Morning","1.5","30","4.2","Low","Yes","Low","High","Low","26.2389","73.0243","Jodhpur Airport","Jodhpur Jn","Explore zenana section; photography allowed","Rabdi","8.8","8.4","Medium","Sunny","Winter blue skies","Recommended"
"IND020","Clock Tower","Jodhpur","Rajasthan","North","Monument","Heritage","City landmark","1902 six-story clock tower at Sardar Market center surrounded by vibrant bazaars selling handicrafts spices and textiles,historic","vibrant","iconic","Oct-Mar","Morning","1","0","4.1","High","Yes","Low","Medium","Low","26.2389","73.0243","Jodhpur Airport","Jodhpur Jn","Bargain shopping; early morning best","Mirchi vada","8.9","8.2","Medium","Sunny","Festival markets","Optional"
"IND021","Shankaracharya Temple","Srinagar","Jammu & Kashmir","North","Temple","Spiritual","Ancient hilltop","Ancient Shiva temple atop Shankaracharya Hill offering panoramic Dal Lake and city views dedicated to Adi Shankara's visit,serene","spiritual","panoramic","Apr-Oct","Morning","2","0","4.3","Low","Yes","Medium","High","Medium","33.8739","74.8639","Srinagar Intl","Srinagar Jn","Trek 1km; pony available","Kahwa tea","8.7","8.5","High","Cool","Holy dips","Recommended"
"IND022","Pari Mahal","Srinagar","Jammu & Kashmir","North","Garden","Heritage","Pleasure garden","Terraced Mughal garden with star-shaped pavilions astronomical instruments and sunset views over Dal Lake,romantic","scenic","historic","Apr-Oct","Evening","1.5","20","4.4","Low","Yes","Low","Medium","High","34.0522","74.8453","Srinagar Intl","Srinagar Jn","Night lighting magical; photography haven","Wazwan","8.8","8.6","High","Cool","Autumn colors","Recommended"
"IND023","Golden Temple","Amritsar","Punjab","North","Temple","Spiritual","Sikh holiest shrine","Gleaming gold-plated Harmandir Sahib surrounded by sarovar lake offering free community kitchen and soulful kirtan music,peaceful","spiritual","magnificent","Oct-Mar","Early morning","3","0","4.9","High","Yes","Low","High","Low","31.6200","74.8769","Amritsar Intl","Amritsar Jn","Langar experience; cover head","Jalebi","9.6","9.4","High","Cool","Guru Nanak Jayanti","Must Visit"
"IND024","Jallianwala Bagh","Amritsar","Punjab","North","Monument","Heritage","Martyr memorial","Garden commemorating 1919 massacre with Martyrs' Gallery well of death and eternal flame symbolizing India's freedom struggle,patriotic","somber","historic","Oct-Mar","Morning","1","0","4.5","Medium","Yes","Low","High","Low","31.6203","74.8768","Amritsar Intl","Amritsar Jn","Respectful silence; audio guide available","Amritsari kulcha","9.3","9.0","Medium","Cool","Independence Day","Recommended"
"IND025","Wagah Border","Amritsar","Punjab","North","Monument","Heritage","Beating retreat","India-Pakistan border ceremony with parade flag lowering and patriotic fervor drawing cheering crowds daily at sunset,patriotic","energetic","spectacular","Oct-Mar","Evening","2","200","4.7","High","Yes","Low","Medium","Low","31.6049","74.5761","Amritsar Intl","Attari","Arrive 3 hours early; carry ID","Lassi","9.4","9.1","Low","Cool","Republic Day","Recommended"
"IND026","Rock Garden","Chandigarh","Chandigarh","North","Garden","Art","Recycled art","8-acre sculpture garden made entirely from urban waste depicting rural Punjabi life with waterfalls and folk figures,creative","unique","environmental","Oct-Mar","Morning","2","20","4.3","Medium","Yes","Low","Medium","High","30.7279","76.8511","Chandigarh Intl","Chandigarh Jn","Interactive exhibits; wear shoes","Punjabi samosa","8.9","8.7","High","Sunny","Spring flowers","Recommended"
"IND027","Jakhoo Temple","Shimla","Himachal Pradesh","North","Temple","Spiritual","Hanuman abode","World's largest Hanuman statue atop Jakhoo Hill offering panoramic Shimla valley views and ancient cave temple","devotional","panoramic","spiritual","Apr-Jun Morning","3","0","4.4","Low","No","High","High","Medium","31.1049","77.1643","Shimla Airport","Kalka Shimla","Steep climb; auto-rickshaw available","Siddu","8.6","8.4","High","Cool","Snowy peaks","Recommended"
"IND028","Mysore Palace","Mysuru","Karnataka","South","Palace","Heritage","Royal residence","Indo-Saracenic palace with golden throne Durbar Hall and 97 rooms illuminated during Dasara with dazzling light shows,magnificent","royal","festive","Oct-Mar","Morning","3","70","4.7","High","Yes","Low","High","Low","12.3065","76.6564","Mysuru Airport","Mysuru Jn","Sunday illumination; audio guide","Dosa","9.3","9.0","High","Tropical","Dasara festival","Must Visit"
"IND029","Mysore Zoo","Mysuru","Karnataka","South","Wildlife","Nature","Oldest zoo","One of Asia's best zoos housing tigers white tigers and birds in naturalistic habitats with children's park and aquarium,educational,wildlife","family","Oct-Mar","Morning","3","80","4.5","High","Yes","Medium","Low","High","Medium","12.3421","76.6339","Mysuru Airport","Ashokapuram","Battery vehicles available; early visit","Mysore masala dose","9.2","8.8","Medium","Tropical","Summer shade","Must Visit"
"IND030","Chamundi Hills","Mysuru","Karnataka","South","Hill Station","Nature","Spiritual hill","1,000-step climb to Chamundeshwari Temple offering panoramic Mysore views and Nandi statue amidst forested hills,pilgrimage","scenic","spiritual","Oct-Mar","Morning","2","0","4.3","Medium","Yes","Medium","High","High","12.2567","76.6628","Mysuru Airport","Mysuru Jn","Battery bus available; sunrise trek","Mysore pak","9.1","8.9","High","Tropical","Monsoon mist","Recommended"
"IND031","Brindavan Gardens","Mysuru","Karnataka","South","Garden","Nature","Musical fountain","Garden adjacent to Krishna Raja Sagara dam with synchronized musical fountains terraced flowers and evening light shows,romantic","scenic","musical","Oct-Mar","Evening","1.5","20","4.2","High","Yes","Low","Low","High","12.4172","76.3653","Mysuru Airport","KRS Road","Battery car; evening show must-see","Filter coffee","8.9","8.7","High","Tropical","Flower festival","Recommended"
"IND032","St. Philomena's Church","Mysuru","Karnataka","South","Church","Heritage","Gothic architecture","Neo-Gothic church with 165-ft towers housing Asia's tallest church tower and ornate stained glass windows,architectural","spiritual","serene","Oct-Mar","Morning","1","0","4.1","Low","Yes","Low","Medium","Low","12.3128","76.6465","Mysuru Airport","Mysuru Jn","Angel choir acoustics; photography inside","Benne dosa","8.8","8.6","Medium","Tropical","Christmas lights","Optional"
"IND033","Bannimantap Nature Park","Mysuru","Karnataka","South","Park","Nature","Wildlife park","Urban forest park with deer bear enclosures boating lake and children's rides amidst 65 acres of greenery,family","natural","recreational","Oct-Mar","Morning","2","10","4.0","Low","Yes","Medium","Low","High","12.2889","76.6847","Mysuru Airport","Bannimantap","Picnic spot; feed deer carefully","Iddli vada","8.7","8.5","High","Tropical","Bird season","Optional"
"IND034","Vidhana Soudha","Bengaluru","Karnataka","South","Monument","Heritage","State legislature","Neo-Dravidian granite building housing Karnataka legislature illuminated nightly showcasing republican democracy architecture,imposing","governmental","architectural","Oct-Mar","Morning","1","0","4.4","Medium","Yes","Low","High","Low","12.9791","77.5908","Kempegowda Intl","Bengaluru City","Public viewing only; Republic Day flag","Masala dosa","9.0","8.9","Medium","Tropical","Rainy illuminations","Recommended"
"IND035","Lalbagh Botanical Garden","Bengaluru","Karnataka","South","Garden","Nature","Historical gardens","240-acre garden with glass house 300-year-old trees and rock formation offering tranquil walks and flower shows,serene","botanical","historic","Oct-Mar","Morning","3","25","4.6","Medium","Yes","Low","Low","High","12.9506","77.5848","Kempegowda Intl","Lalbagh","Glass house Sundays; early walks","Juice centers","9.2","9.1","High","Tropical","Mango season","Must Visit"
"IND036","Bangalore Palace","Bengaluru","Karnataka","South","Palace","Heritage","Tudor style","Wodeyar royal residence mimicking Windsor Castle with Durbar Hall paintings and vintage cars open for guided tours,royal","elegant","historic","Oct-Mar","Afternoon","2","250","4.5","Medium","Yes","Low","High","Low","12.9989","77.5922","Kempegowda Intl","Bengaluru City","Camera fee extra; audio guide available","Biryani","9.1","8.8","Medium","Tropical","Christmas events","Must Visit"
"IND037","Cubbon Park","Bengaluru","Karnataka","South","Park","Nature","Victorian park","300-acre green lung with State Library museum and walking paths planted during British era perfect for morning exercise,relaxing","natural","historic","Year-round","Morning","2","0","4.4","Medium","Yes","Low","Low","High","12.9769","77.5925","Kempegowda Intl","Vidhana Soudha","High Security Museum nearby; jogger's park","Filter coffee","9.0","9.0","High","Tropical","Flower shows","Recommended"
"IND038","Tipu Sultan's Summer Palace","Bengaluru","Karnataka","South","Palace","Heritage","Tiger of Mysore","Only wooden palace surviving Tipu Sultan with Persian inscriptions and tiger motifs showcasing 18th-century Indo-Islamic art,historic","wooden","royal","Oct-Mar","Morning","1","15","4.2","Low","Yes","Low","High","Low","12.9697","77.5731","Kempegowda Intl","KR Market","Combine with museum; no shoes","Ragi mudde","8.8","8.6","Medium","Tropical","Monsoon greens","Recommended"
"IND039","Nandi Hills","Bengaluru","Karnataka","South","Hill Station","Nature","Sunrise spot","60km hill station with 18th-century temple Tipu's fort and sunrise trekking offering misty valley views year-round,scenic","trekking","historic","Year-round","Dawn","3","15","4.5","Medium","Yes","High","Medium","High","13.3714","77.6833","Kempegowda Intl","Chikkaballapur","Start 4AM for sunrise; paragliding","Dosa","9.1","8.9","High","Cool","Summer sunrise","Recommended"
"IND040","ISKCON Temple","Bengaluru","Karnataka","South","Temple","Spiritual","Krishna temple","Golden spires housing deities with cultural shows Govinda kirtans and massive kitchen serving 15,000 meals daily,spiritual","devotional","magnificent","Year-round","Morning","2","0","4.6","High","Yes","Low","High","Low","12.9731","77.4938","Kempegowda Intl","Yesvantpur","Free meals; dress modestly","Satvic food","9.4","9.3","Medium","Tropical","Janmashtami","Must Visit"
"IND041","Meenakshi Temple","Madurai","Tamil Nadu","South","Temple","Spiritual","Dravidian marvel","17th-century gopurams with 33,000 sculptures depicting mythology housing Sundareswarar-Meenaakshi shrines in vibrant colors,spectacular","spiritual","mythological","Sep-Feb","Morning","4","0","4.8","High","Yes","Low","High","Low","9.9197","78.1195","Madurai Airport","Madurai Jn","Aarti ceremonies; early morning best","Idli","9.5","9.2","High","Tropical","Pongal festival","Must Visit"
"IND042","Rock Fort Temple","Trichy","Tamil Nadu","South","Temple","Spiritual","Hill temple","83-ft rock cut temple atop 273-ft hill dedicated to Thayumanavar with Ucchi Pillayar temple offering Trichy panoramic views,ancient","panoramic","spiritual","Oct-Mar","Morning","2","15","4.4","Medium","Yes","High","High","Medium","10.8306","78.7114","Trichy Airport","Trichy Jn","437 steps; sunrise climb","Sambar rice","9.0","8.8","High","Tropical","Deepam festival","Recommended"
"IND043","Sabarmati Ashram","Ahmedabad","Gujarat","West","Ashram","Heritage","Gandhi memorial","Riverbank ashram where Mahatma Gandhi lived 1917-1930 showcasing simple living spinning wheel and independence movement artifacts,inspirational","historic","peaceful","Oct-Mar","Morning","2","0","4.6","Medium","Yes","Low","High","Low","23.0617","72.6079","Ahmedabad Intl","Ahmedabad Jn","Evening prayer; spinning demo","Fafda jalebi","9.2","9.0","Medium","Sunny","Gandhi Jayanti","Must Visit"
"IND044","Kankaria Lake","Ahmedabad","Gujarat","West","Lake","Recreation","City oasis","76-acre lake with zoo aquarium toy train musical fountain and 34-point amusement park perfect for family outings,family","fun","aquatic","Oct-Mar","Evening","3","20","4.3","High","Yes","Medium","Low","High","23.0249","72.6263","Ahmedabad Intl","Maninagar","Baloon safari; night shows","Dhokla","9.1","8.9","High","Sunny","Diwali lights","Recommended"
"IND045","Sidi Saiyyed Mosque","Ahmedabad","Gujarat","West","Mosque","Heritage","UNESCO latticework","16th-century mosque famous for intricate jali screens depicting entwined tree of life motif symbolizing Indo-Islamic art,historic","artistic","architectural","Oct-Mar","Morning","1","0","4.5","Low","Yes","Low","High","Low","23.0233","72.6636","Ahmedabad Intl","Ahmedabad Jn","Photography haven; quiet contemplation","Khandvi","9.0","8.8","High","Sunny","Monsoon shadows","Recommended"
"IND046","Calico Museum","Ahmedabad","Gujarat","West","Museum","Heritage","Textile museum","Private museum showcasing 12th-century double ikat patola sarees embroidered textiles in restored haveli appointment only,artistic","textile","historic","Oct-Mar","By appointment","2","Free","4.7","Low","Yes","Low","High","Low","23.0324","72.5719","Ahmedabad Intl","Ahmedabad Jn","Prior booking essential; no photography","Undhiyu","9.3","9.1","Medium","Sunny","Winter exhibits","Must Visit"
"IND047","Marine Drive","Mumbai","Maharashtra","West","Promenade","Relaxation","Queen's necklace","Crescent-shaped boulevard hugging Arabian Sea offering sunset views skyscrapers and local life from Nariman Point to Girgaon,romantic","scenic","urban","Oct-Mar","Evening","2","0","4.6","High","Yes","Low","Low","Medium","19.0745","72.8336","Chhatrapati Shivaji","Mumbai CST","Street food caution; evening strolls","Vada pav","9.4","8.7","High","Tropical","Monsoon waves","Must Visit"
"IND048","Gateway of India","Mumbai","Maharashtra","West","Monument","Heritage","Indo-Saracenic arch","Basilica-style arch built to welcome King George V now ferry point to Elephanta with sea breezes and colonial history,iconic","historic","maritime","Oct-Mar","Morning","1","25","4.5","High","Yes","Low","High","Low","18.9204","72.8355","Chhatrapati Shivaji","Mumbai CST","Elephanta ferry; early morning best","Bhel puri","9.3","8.6","High","Tropical","Independence Day","Must Visit"
"IND049","Elephanta Caves","Mumbai","Maharashtra","West","Cave","Heritage","UNESCO rock-cut","Rock-cut 5-8th century Shaiva caves on island with 20-ft Trimurti statue showcasing Gupta-era sculpture and cave architecture,magnificent","ancient","spiritual","Nov-May","Morning","3","40","4.7","Medium","Yes","Low","High","Medium","18.9634","72.9312","Chhatrapati Shivaji","Mumbai CST","Ferry 1hr; wear shoes for rocks","Pav bhaji","9.2","8.5","Medium","Tropical","Spring ferries","Must Visit"
"IND050","Chhatrapati Shivaji Maharaj Terminus","Mumbai","Maharashtra","West","Railway","Heritage","UNESCO station","Victorian Gothic railway station with flying buttresses sculptures and busiest platform handling 3M passengers monthly,architectural","bustling","historic","Year-round","Morning","1","0","4.6","High","Yes","Low","High","Low","18.9402","72.8355","Mumbai CST","Mumbai CST","Local train experience; photography","Khava","9.1","8.4","High","Tropical","Monsoon architecture","Recommended"
"IND051","Haji Ali Dargah","Mumbai","Maharashtra","West","Temple","Spiritual","Sea shrine","Bollywood-famous mosque tomb on islet accessible at low tide housing Sufi saint tomb with qawwali and sea breezes,spiritual","musical","maritime","Nov-May","Evening","2","0","4.4","High","Yes","Low","High","Medium","19.0182","72.8278","Chhatrapati Shivaji","Mumbai Central","Time tides; modest dress","Mumbai chaat","9.0","8.3","Medium","Tropical","Full moon nights","Recommended"
"IND052","Bandra-Worli Sea Link","Mumbai","Maharashtra","West","Bridge","Engineering","Cable-stayed marvel","5.6km sea bridge reducing travel time with stunning skyline sea views especially magical at night when illuminated,modern","scenic","engineering","Year-round","Night","1","0","4.5","Low","Yes","Low","Low","Medium","19.0569","72.8253","Chhatrapati Shivaji","Bandra","Rs300 toll; photography stops","Misal pav","8.9","8.2","High","Tropical","Rainy bridge","Must Visit"
"IND053","Shaniwar Wada","Pune","Maharashtra","West","Fort","Heritage","Peshwa palace","Ruined 18th-century Peshwa residence with massive gates ramparts and light sound show depicting Maratha history and tragedy,historic","fortified","magnificent","Oct-Mar","Evening","2","20","4.3","Medium","Yes","Medium","High","Low","18.5197","73.8553","Pune Airport","Pune Jn","Evening show in Marathi; explore gates","Sabudana vada","8.8","8.6","Medium","Sunny","Winter evenings","Recommended"
"IND054","Aga Khan Palace","Pune","Maharashtra","West","Palace","Heritage","Gandhi memorial","Italian marble palace where Gandhi Kasturba Nehru detained during Quit India houses memorials museum and serene gardens,inspirational","historic","serene","Oct-Mar","Morning","2","10","4.4","Low","Yes","Low","High","Medium","18.5581","73.8358","Pune Airport","Pune Jn","Freedom struggle exhibits; Italian gardens","Pure veg thali","9.0","8.9","High","Sunny","Spring peace","Recommended"
"IND055","Sinhagad Fort","Pune","Maharashtra","West","Fort","Adventure","Trek fort","Hill fort famous for 1670 Tanaji Malusare battle with sheer cliffs cisterns and panoramic Sahyadri views accessible by trek,adventurous","historic","panoramic","Oct-May","Morning","4","20","4.5","Medium","Yes","High","High","High","18.4031","73.5695","Pune Airport","Khadakwasla","Tough 5km trek; carry water","Pithla bhakri","8.7","8.5","High","Cool","Monsoon clouds","Recommended"
"IND056","ISKCON Pune","Pune","Maharashtra","West","Temple","Spiritual","Krishna temple","Modern temple complex with deity worship cultural programs and massive kitchen serving spiritual prasadam daily to devotees,spiritual","devotional","modern","Year-round","Morning","2","0","4.6","Medium","Yes","Low","High","Low","18.4539","73.8416","Pune Airport","Pune Jn","Midday aarti; book shows","Satvic prasadam","9.2","9.1","Medium","Tropical","Janmashtami","Must Visit"
"IND057","Rajabai Clock Tower","Mumbai","Maharashtra","West","Monument","Heritage","Neo-Gothic tower","85m Gothic tower with 16 bells playing hymns housing Bombay University library with Victorian stained glass windows,architectural","melodious","historic","Oct-Mar","Morning","1","0","4.2","Low","Yes","Low","High","Low","18.9389","72.8247","Mumbai CST","Churchgate","Library access restricted; bell chimes","Kanda poha","8.9","8.7","Medium","Tropical","Rainy Gothic","Optional"
"IND058","Manekshaw Fountain","Mumbai","Maharashtra","West","Fountain","Heritage","Art Deco fountain","1930s Art Deco fountain at Hutatma Chowk illuminated nightly with synchronized water jets and historical significance,artistic","illuminated","historic","Oct-Mar","Evening","1","0","4.1","Medium","Yes","Low","Medium","Low","18.9392","72.8333","Mumbai CST","Chhatrapati Shivaji","Combine with market; night best","Sabudana khichdi","8.8","8.6","Medium","Tropical","Diwali lights","Optional"
"IND059","Sabarmati Riverfront","Ahmedabad","Gujarat","West","Promenade","Recreation","Urban renewal","11km promenade with lawns amphitheater flower gardens and Gandhi Ashram views perfect for jogging festivals,modern","scenic","urban","Oct-Mar","Evening","2","0","4.4","Medium","Yes","Low","Low","Medium","23.0381","72.5865","Ahmedabad Intl","Sabarmati","Heritage walk; evening promenade","Street chaat","9.0","8.8","High","Sunny","Uttarayan kites","Recommended"
"IND060","Dumas Beach","Surat","Gujarat","West","Beach","Adventure","Haunted beach","Black sand beach with Arabian Sea waves kite flying and local legends drawing adventure seekers and sunset lovers,adventurous","mystical","scenic","Oct-Mar","Evening","2","0","4.2","Medium","Yes","Medium","Low","High","21.1433","72.7692","Surat Airport","Surat Jn","Night caution; evening safer","Undhiyu","8.6","8.4","High","Sunny","Kite festival","Recommended"
"IND061","Padmanabhapuram Palace","Thuckalay","Tamil Nadu","South","Palace","Heritage","World's largest wood palace","16th-century Travancore palace entirely wood-crafted with intricate carvings hanging pillars and defensive architecture,architectural","ancient","royal","Sep-May","Morning","2","35","4.6","Low","Yes","Low","High","Low","8.2683","77.3092","Thiruvananthapuram Intl","Nagercoil","Shoes off; photography restricted","Kappa chips","9.1","8.9","Medium","Tropical","Summer wood shine","Must Visit"
"IND062","Kanyakumari Beach","Thuckalay","Tamil Nadu","South","Beach","Nature","Triveni sangam","Confluence point of three seas with Vivekananda Rock sunrise views lighthouse and diamond nose Thiruvalluvar statue,scenic","spiritual","unique","Oct-Mar","Morning","2","0","4.5","High","Yes","Low","High","High","8.0883","77.5708","Thiruvananthapuram Intl","Nagercoil","Ferry to rocks; sunrise must-see","Banana chips","9.0","8.8","High","Tropical","Full moon sunrise","Must Visit"
"IND063","Varkala Beach","Thiruvananthapuram","Kerala","South","Beach","Relaxation","Cliff beach","Parsi cliff beach with lighthouse Ayurvedic resorts and natural springs offering yoga sunsets and relaxed vibe,nirvana","scenic","relaxing","Oct-Mar","Anytime","3","0","4.7","Medium","Yes","Low","Low","High","8.7333","76.7167","Thiruvananthapuram Intl","Varkala Sivagiri","Yoga classes; cliff cafes","Kappa thoran","9.3","9.2","High","Tropical","Monsoon cliffs","Must Visit"
"IND064","Fort Kochi","Thiruvananthapuram","Kerala","South","Fort","Heritage","Colonial town","Portuguese-Dutch-Jewish colonial enclave with Chinese fishing nets Mattancherry Palace and Jewish synagogue showcasing history,multicultural","historic","charming","Oct-Mar","Morning","4","0","4.6","Medium","Yes","Low","High","Medium","9.9681","76.2320","Cochin Intl","Ernakulam Jn","Cycling tours; Kathakali shows","Appam stew","9.2","9.1","High","Tropical","Christmas lights","Must Visit"
"IND065","Mattancherry Palace","Thiruvananthapuram","Kerala","South","Palace","Heritage","Dutch palace","17th-century palace with extraordinary Hindu murals depicting Ramayana Mahabharata in Jew Town spice market area,artistic","mythological","historic","Oct-Mar","Morning","1.5","5","4.4","Low","Yes","Low","High","Low","9.9619","76.2595","Cochin Intl","Mattancherry","Spice market nearby; murals highlight","Puttu kadala","9.1","8.9","Medium","Tropical","Onam murals","Recommended"
"IND066","Jew Town","Thiruvananthapuram","Kerala","South","Market","Heritage","Paradesi synagogue","Historic Jewish quarter with 1568 synagogue antique shops and Mattancherry Palace preserving Kochi's multicultural past,colorful","historic","spicy","Oct-Mar","Morning","2","0","4.3","Medium","Yes","Low","Medium","Low","9.9631","76.2611","Cochin Intl","Ernakulam Jn","Bargain antiques; guided walks","Fort Kochi seafood","8.9","8.7","High","Tropical","Jewish festival","Recommended"
"IND067","Alleppey Backwaters","Alappuzha","Kerala","South","Waterway","Nature","Houseboat heaven","Lagoon network with houseboat cruises paddy fields coconut groves and village life offering quintessential Kerala experience,serene","aquatic","picturesque","Oct-Mar","Morning","4","0","4.8","Low","Yes","Low","Low","High","9.4981","76.3388","Cochin Intl","Alappuzha","Overnight houseboat; sunset toddy","Karimeen fry","9.5","9.4","High","Tropical","Nehru trophy","Must Visit"
"IND068","Periyar Wildlife","Thekkady","Kerala","South","Wildlife","Adventure","Tiger reserve","Bamboo rafting tiger elephants in Periyar lake spice plantations and tribal culture in Cardamom Hills biosphere reserve,wild","adventurous","spicy","Sep-May","Early morning","5","450","4.7","Medium","Yes","High","Medium","High","9.4875","77.1475","Cochin Intl","Kottayam","Tiger trail; rafting 8AM","Puttu payasam","9.3","9.2","High","Tropical","Elephant season","Must Visit"
"IND069","Munnar Tea Gardens","Munnar","Kerala","South","Hill Station","Nature","Tea country","Rolling tea plantations carpeted hills with misty mornings colonial bungalows and Eravikulam National Park nearby,scenic","picturesque","fragrant","Sep-May","Morning","4","0","4.9","Low","Yes","Low","Low","High","10.0889","77.0593","Cochin Intl","Munnar Road","Misty drives; tea factory visits","Kundu sadhya","9.4","9.3","High","Cool","Blossom season","Must Visit"
"IND070","Eravikulam National Park","Munnar","Kerala","South","Wildlife","Nature","Nilgiri tahr home","97 sq.km park protecting endangered tahrs with rolling grasslands Anamudi peak and summer blooming Neelakurinji flowers,wildlife","alpine","rare","Sep-Jun","Morning","3","120","4.6","Medium","Yes","Medium","Low","High","10.3000","77.0833","Cochin Intl","Aluva","Rajamala restricted; early entry","Nilgiri tea","9.2","9.1","High","Cool","Kurinji bloom","Recommended"
"IND071","Athirappilly Waterfalls","Thrissur","Kerala","South","Waterfall","Nature","Movie waterfall","85-ft segmented falls amidst dense rainforest called Chalakudy river's Niagara offering trekking and rainbows,cascading","wild","magnificent","Jun-Sep","Morning","2","25","4.7","Medium","Yes","High","Low","High","10.2833","76.5667","Cochin Intl","Thrissur","Monsoon best; slippery rocks","Malabar parotta","9.3","9.0","High","Tropical","Rainbow season","Must Visit"
"IND072","Queen's Beach","Kovalam","Kerala","South","Beach","Relaxation","Lighthouse beach","Crescent beach with lighthouse Ayurvedic resorts and lighthouse climb offering Arabian sea views and relaxed beach vibe,tropical","relaxing","scenic","Oct-Mar","Anytime","3","0","4.5","Medium","Yes","Low","Low","High","8.3976","76.9691","Trivandrum Intl","Kovalam","Surfing; lighthouse sunset","Kovalam prawns","9.1","8.9","High","Tropical","Sunset yoga","Recommended"
"IND073","Brahamaputra Cruise","Guwahati","Assam","Northeast","River Cruise","Nature","Brahmaputra river","Overnight cruises past Majuli island villages and dolphins offering unique riverine life and golden sunset river views,serene","aquatic","picturesque","Oct-Mar","Morning","12","0","4.6","Low","Yes","Low","Low","High","26.1445","91.7362","Guwahati Intl","Guwahati","Life jackets; winter cruises","Assamese thali","9.0","8.8","High","Tropical","River festival","Recommended"
"IND074","Kamakhya Temple","Guwahati","Assam","Northeast","Temple","Spiritual","Shakti peeth","Ancient cave temple on Nilachal Hill dedicated to Kamakhya Devi drawing millions during Ambubachi Mela for fertility worship,mystical","spiritual","powerful","Apr-Oct","Morning","2","0","4.7","High","Yes","Low","High","Medium","26.1689","91.7039","Guwahati Intl","Guwahati Jn","Priest guide; red clothes prohibited","Assamese pitha","9.2","9.0","Medium","Hot","Ambubachi Mela","Must Visit"
"IND075","Umiam Lake","Shillong","Meghalaya","Northeast","Lake","Nature","Barapani lake","Pristine lake amidst pine hills with boating water sports and adventure camps offering Scotland of East vibes,scenic","aquatic","adventure","Oct-May","Morning","3","20","4.5","Medium","Yes","Medium","Low","High","25.6539","91.9163","Shillong Airport","Guwahati","Shilloi Park; paragliding","Jadoh","9.1","8.9","High","Cool","Autumn reflections","Must Visit"
"IND076","Elephant Falls","Shillong","Meghalaya","Northeast","Waterfall","Nature","Three-step falls","Three-tiered falls surrounded by elephant-shaped boulders and pine forests perfect for photography and picnics,cascading","picturesque","natural","Oct-May","Morning","1.5","10","4.4","Medium","Yes","Low","Low","High","25.5672","91.8783","Shillong Airport","Shillong","Short trek; no bathing","Dawki fish curry","8.9","8.7","High","Cool","Rainbow season","Recommended"
"IND077","Cherrapunji","Shillong","Meghalaya","Northeast","Hill Station","Nature","Wettest place","Living root bridges waterfalls and caves in one of world's wettest regions showcasing Khasi tribal bridge engineering marvels,mystical","wettest","ancient","Oct-Mar","Morning","5","0","4.8","Low","Yes","High","Medium","High","25.2702","91.7266","Shillong Airport","Silchar","Double decker bridge; trek shoes","Nohkalikai thali","9.3","9.1","High","Cool","Root bridge","Recommended"
"IND078","Mawlynnong","Mawlynnong","Meghalaya","Northeast","Village","Nature","Asia's cleanest","Bamboo bridges living root bridges sky view point and spotless village showcasing sustainable Khasi tribal living,pristine","natural","sustainable","Oct-May","Morning","4","100","4.9","Low","Yes","Low","Low","High","25.2833","92.0333","Shillong Airport","Silchar","Guide mandatory; eco stay","Bamboo shoot curry","9.4","9.3","High","Cool","Monsoon roots","Must Visit"
"IND079","Dawki","Shillong","Meghalaya","Northeast","Lake","Nature","Crystal clear","Umngot river with glass-bottom boating Bangladesh border and crystal clear waters reflecting boats like mirror,crystal","aquatic","borderline","Oct-May","Morning","3","50","4.7","Low","Yes","Low","Low","High","25.2333","92.1500","Shillong Airport","Silchar","Life jackets; border permit","Jaitia tea","9.2","9.0","High","Cool","Boat reflections","Must Visit"
"IND080","Umiam Lake","Shillong","Meghalaya","Northeast","Lake","Nature","Barapani adventure","Pine-fringed lake with water scooter kayaking adventure park and water castle offering family water fun,fun","aquatic","family","Oct-May","Anytime","2","30","4.3","Medium","Yes","Medium","Low","High","25.6539","91.9163","Shillong Airport","Guwahati","Water castle kids; water sports","Khasi rice beer","8.8","8.6","High","Cool","Summer splash","Recommended"
"IND081","Ziro Valley","Itanagar","Arunachal Pradesh","Northeast","Valley","Nature","Apatani culture","Rice terraces tribal Apatani paddy cultivation with hornbill festival pine hills and unique rice beer culture,terraced","tribal","picturesque","Sep-Nov","Morning","4","0","4.6","Low","Yes","Low","Medium","High","27.5500","93.8333","Jorhat Airport","North Lakhimpur","Permit needed; homestay","Apong rice beer","9.1","8.9","High","Cool","Hornbill festival","Must Visit"
"IND082","Tawang Monastery","Tawang","Arunachal Pradesh","Northeast","Monastery","Spiritual","Largest Mahayana","400-year-old Gelugpa monastery world's second largest with golden Buddha 18m tall overlooking Tawang valley,spiritual","majestic","mountainous","Apr-Oct","Morning","3","0","4.7","Medium","Yes","Low","High","Medium","27.5833","91.8667","Tezpur Airport","Tawang","Losar festival; high altitude","Thukpa","9.2","9.0","High","Cold","Snowy peaks","Must Visit"
"IND083","Sela Pass","Tawang","Arunachal Pradesh","Northeast","Pass","Adventure","High altitude","13,700ft pass with Sela lake temple and army museum enroute Tawang amidst Himalayan snow peaks and prayer flags,adventurous","alpine","holy","May-Oct","Morning","2","50","4.5","Low","No","High","Medium","High","27.5667","92.1333","Tezpur Airport","Bomdila","High altitude; warm clothes","Momos","8.9","8.7","High","Cold","Summer pass","Recommended"
"IND084","Madikeri Fort","Madikeri","Karnataka","South","Fort","Heritage","Coorg capital","17th-century fort housing museum temples and panoramic Coorg views now district office with Gothic church nearby,historic","panoramic","fortified","Oct-Apr","Morning","1.5","10","4.2","Low","Yes","Low","High","Low","12.4261","75.7384","Mangalore Airport","Madikeri Rd","Gandhi statue; church organ","Nadan kari","8.8","8.6","Medium","Tropical","Coffee bloom","Optional"
"IND085","Abbey Falls","Madikeri","Karnataka","South","Waterfall","Nature","River gorge","River plunging through cardamom plantations into gorge with hanging bridge offering misty spray and rainforest sounds,cascading","fragrant","misty","Oct-May","Morning","1","15","4.4","Medium","Yes","Low","Low","High","12.4067","75.7028","Mangalore Airport","Madikeri Rd","Hanging bridge; no bathing","Coorg pandi curry","9.0","8.8","High","Tropical","Monsoon power","Recommended"
"IND086","Dubare Elephant Camp","Madikeri","Karnataka","South","Wildlife","Adventure","River camp","Elephant feeding bathing rafting and coracle rides on Barapole river amidst wildlife sanctuary and coffee estates,adventurous","wild","riverine","Oct-May","Morning","3","50","4.5","Medium","Yes","High","Medium","High","12.3986","75.8028","Mangalore Airport","Madikeri Rd","Book elephant ride; rafting seasonal","Akki roti","9.1","8.9","High","Tropical","Elephant bath","Must Visit"
"IND087","Tala Cauvery","Madikeri","Karnataka","South","Temple","Nature","River source","Sacred origin of Cauvery River with temple trek through shola forests and Brahma kund offering spiritual nature pilgrimage,pilgrimage","natural","holy","Oct-Apr","Morning","4","0","4.3","Low","Yes","Medium","High","High","12.3833","75.5167","Mangalore Airport","Madikeri Rd","Tough 10km trek; stay overnight","Bhagamandala prasadam","8.7","8.5","High","Cool","Spring source","Recommended"
"IND088","Raja's Seat","Madikeri","Karnataka","South","Garden","Nature","Sunset point","Ornamental garden with musical fountain valley views and sunset point where kings watched sunset amidst toy train and boating,romantic","scenic","musical","Oct-Apr","Evening","1.5","5","4.1","Medium","Yes","Low","Low","High","12.4292","75.7397","Mangalore Airport","Madikeri Rd","Sunset orchestra; toy train kids","Coorg chicken","8.9","8.7","High","Tropical","Sunset symphony","Recommended"
"IND089","Orchha Fort","Orchha","Madhya Pradesh","Central","Fort","Heritage","Bundelkhand glory","16th-century Rajput fort complex with palaces cenotaphs and Ram Raja Temple overlooking Betwa River medieval architecture,fortified","historic","sprawling","Oct-Mar","Morning","4","40","4.6","Medium","Yes","Low","High","Medium","25.3500","78.6333","Jhansi Airport","Jhansi Jn","Light show; Betwa views","Rajsthani dal baati","9.0","8.8","High","Sunny","Ramnavmi","Must Visit"
"IND090","Jahangir Mahal","Orchha","Madhya Pradesh","Central","Palace","Heritage","Rajput-Mughal fusion","Exquisite sandstone palace with jharokhas courtyards built for Jahangir showcasing Bundela craftsmanship and symmetry,elegant","intricate","royal","Oct-Mar","Morning","2","20","4.5","Low","Yes","Low","High","Low","25.3533","78.6356","Jhansi Airport","Orchha","Climb terraces; photography heaven","Sooji halwa","8.9","8.7","High","Sunny","Winter light","Recommended"
"IND091","Ram Raja Temple","Orchha","Madhya Pradesh","Central","Temple","Spiritual","Living deity","Ram statue housed in palace temple unique Ram as king worshipped with royal honors drawing lakhs during Ramnavmi festival,miraculous","spiritual","royal","Oct-Mar","Morning","1","0","4.7","High","Yes","Low","High","Low","25.3517","78.6339","Jhansi Airport","Orchha","Red clothes; festival crowds","Ladoo prasadam","9.2","9.0","Medium","Sunny","Ramnavmi","Must Visit"
"IND092","Chhatris Orchha","Orchha","Madhya Pradesh","Central","Monument","Heritage","River cenotaphs","Intricately carved sandstone chhatris of Bundela rulers lining Betwa River reflecting golden hues at sunset,memorial","reflective","architectural","Oct-Mar","Evening","1.5","10","4.4","Low","Yes","Low","High","Medium","25.3486","78.6392","Jhansi Airport","Orchha","Sunset reflections; boat rides","Poha jalebi","8.8","8.6","High","Sunny","Sunset gold","Recommended"
"IND093","Bhimbetka Caves","Bhopal","Madhya Pradesh","Central","Cave","Heritage","UNESCO prehistoric","30,000-year-old rock shelters with 700+ Paleolithic paintings depicting hunting dancing animals in quartzite caves,prehistoric","artistic","ancient","Oct-Mar","Morning","3","25","4.6","Low","Yes","Low","High","Medium","23.2917","77.5992","Bhopal Airport","Bhopal Jn","Guided tour; torch needed","Bhutte ka kees","9.1","8.9","Medium","Sunny","Monsoon caves","Must Visit"
"IND094","Sanchi Stupa","Bhopal","Madhya Pradesh","Central","Monument","Heritage","UNESCO Buddhist","Ashoka-era hemispherical stupa with intricately carved toranas depicting Buddha's life world's oldest stone structure,ancient","spiritual","architectural","Oct-Mar","Morning","3","40","4.7","Medium","Yes","Low","High","Low","23.4794","77.7392","Bhopal Airport","Sanchi","Silent contemplation; toranas must-see","Poha","9.2","9.0","High","Sunny","Buddha Purnima","Must Visit"
"IND095","Ujjain Mahakaleshwar","Ujjain","Madhya Pradesh","Central","Temple","Spiritual","Jyotirlinga","Dakshinamurthy facing lingam unique among 12 Jyotirlingas with Bhasma aarti drawing spiritual seekers for moksha pilgrimage,mystical","spiritual","powerful","Oct-Mar","Brahma muhurat","2","250","4.8","High","Yes","Low","High","Low","23.1828","75.7686","Indore Airport","Ujjain Jn","Bhasma aarti lottery; night aarti","Poha jalebi","9.4","9.2","Medium","Sunny","Simhastha Kumbh","Must Visit"
"IND096","Bhangarh Fort","Alwar","Rajasthan","North","Fort","Heritage","Haunted fort","Ruined 17th-century fort amidst Aravallis with temples palaces haunted legends drawing adventure seekers and paranormal investigators,mysterious","haunted","ruined","Oct-Mar","Morning","3","30","4.3","Medium","Yes","Medium","High","Medium","27.0497","76.2611","Jaipur Intl","Alwar","Dusk entry prohibited; explore ruins","Dal baati","8.7","8.5","High","Sunny","Monsoon ruins","Recommended"
"IND097","Sariska Tiger Reserve","Alwar","Rajasthan","North","Wildlife","Adventure","Tiger reserve","Grasslands rocky hills with tigers leopards and crocodiles offering jeep safaris and ancient Kankwari forts,pristine","wild","royal","Oct-Jun","Morning","6","800","4.6","Low","Yes","High","Medium","High","27.4256","76.3378","Jaipur Intl","Alwar","6AM safari; winter best","Rajasthani thali","9.0","8.8","High","Arid","Tiger spotting","Must Visit"
"IND098","Panna National Park","Panna","Madhya Pradesh","Central","Wildlife","Adventure","Tiger reserve","Diamond mining area turned tiger reserve with gharials Gangau lake and tiger safaris amidst Vindhya forests and waterfalls,wildlife","riverside","rare","Oct-Jun","Early morning","6","650","4.7","Low","Yes","High","Medium","High","24.7217","80.1972","Khajuraho Airport","Panna Rd","Tiger reserve; diamond mines history","Makhana","9.1","8.9","High","Tropical","Tiger safari","Recommended"
"IND099","Chikmagalur Castle","Dharwad","Karnataka","South","Hill Station","Nature","Coffee hills","Rolling coffee cardamom estates with Hebbe falls Mullayanagiri peak and Hoysala temples offering misty morning treks,fragrant","mountainous","holy","Oct-May","Morning","4","0","4.6","Low","Yes","Medium","Medium","High","13.3167","75.7667","Mangalore Airport","Kadur","Baba Budangiri; coffee tours","Akki roti","9.0","8.8","High","Cool","Misty mornings","Recommended"
"IND100","Mount Abu","Nakoda","Rajasthan","North","Hill Station","Nature","Sole hill station","Lake picnic spot Dilwara Jain temples and sunset point amidst Aravalli hills only hill station in Rajasthan,serene","lakeside","spiritual","May-Oct","Morning","4","0","4.5","Medium","Yes","Low","High","High","24.5925","72.7156","Udaipur Airport","Abu Road","Boat club; Dilwara must-visit","Rabdi","8.9","8.7","High","Cool","Summer escape","Recommended"
"IND101","Calangute Beach","Goa","Goa","West","Beach","Relaxation","Queen of beaches","Golden sands water sports beach shacks Russian markets and New Year parties drawing sunseekers partygoers families,party","sandy","cosmopolitan","Nov-Mar","Anytime","4","0","4.4","High","Yes","Medium","Low","High","15.5319","73.7621","Dabolim","Thivim","Water sports; shack hopping","Fish thali","9.2","8.6","High","Tropical","Christmas parties","Must Visit"
"IND102","Baga Beach","Goa","Goa","West","Beach","Party","Tito's lane","Famous nightlife beach with Tito's lane clubs water sports and dolphin spotting offering day beach fun night party frenzy,vibrant","nightlife","aquatic","Nov-Mar","Night","3","0","4.3","High","Yes","Medium","Low","High","15.5561","73.7394","Dabolim","Karmali","Club entry; dolphin trips","Prawn balchao","9.1","8.5","High","Tropical","New Year","Must Visit"
"IND103","Anjuna Flea Market","Goa","Goa","West","Market","Shopping","Wednesday bazaar","Hippie market with Kashmiri handicrafts Israeli food drum circles and beach sunset views every Wednesday since 1960s,bohemian","colorful","lively","Nov-Mar","Evening","3","0","4.5","High","Yes","Low","Medium","Medium","15.5464","73.7406","Dabolim","Mapusa","Bargain hard; sunset beach","Feni cashew","9.0","8.4","Medium","Tropical","Flea finds","Must Visit"
"IND104","Chapora Fort","Goa","Goa","West","Fort","Heritage","Dil chahta movie","Famous Dil Chahta Hai fort ruins overlooking Vagator beach golden sunset views and hippie history perch,cinematic","panoramic","historic","Nov-Mar","Sunset","1.5","0","4.6","Medium","Yes","Low","High","Medium","15.5775","73.7242","Dabolim","Vagator","Sunset crowds; Dil Chahta spot","Bebinca","9.2","8.7","High","Tropical","Sunset gold","Must Visit"
"IND105","Bom Jesus Basilica","Goa","Goa","West","Church","Heritage","UNESCO baroque","1594 baroque church housing St Francis Xavier's relics with gilded altars and mystical acoustics world heritage site,baroque","spiritual","historic","Oct-May","Morning","2","0","4.7","Medium","Yes","Low","High","Low","15.5000","73.9128","Dabolim","Marmugao","Boot required; relics viewing","Xacuti","9.3","9.0","Medium","Tropical","St Francis feast","Must Visit"
"IND106","Dona Paula","Mumbai","Goa","West","Monument","Romance","Lovers paradise","Seaside monument legend of lovers with views of Arabian sea Zuari bay and day cruise departures romantic sunset spot,romantic","scenic","lovely","Nov-Mar","Sunset","1","0","4.2","High","Yes","Low","Low","High","15.4433","73.8042","Dabolim","Cavelossim","Day cruise; dolphin spotting","Goan sausage","8.8","8.6","High","Tropical","Lovers sunset","Recommended"
"IND107","Palolem Beach","Goa","Goa","West","Beach","Relaxation","Crescent paradise","Pristine crescent beach with island shack stays dolphin spotting and relaxed hippie vibe no water sports preserving tranquility,chilled","sandy","idyllic","Nov-Mar","Anytime","3","0","4.8","Low","Yes","Low","Low","High","14.9967","74.0461","Dabolim","Canacona","Kayak to island; no party","Beach shack fish","9.4","9.3","High","Tropical","Full moon calm","Must Visit"
"IND108","Arambol Beach","Goa","Goa","West","Beach","Bohemian","North hippie","Drum circle sunset paragliding freshwater lake and cliff walks attracting alternative spiritual travelers and drum aficionados,bohemian","spiritual","aerial","Nov-May","Sunset","4","0","4.5","Medium","Yes","Medium","Low","High","15.6969","73.8669","Dabolim","Arambol","Paragliding; drum circle","Freshwater lake fish","9.1","8.9","High","Tropical","Sunset drums","Recommended"
"IND109","Netravali Wildlife","Goa","Goa","West","Wildlife","Nature","Bubble lake","Sanctuary with bubble lake tamarind forests Kingfisher falls and trekking trails showcasing Goa's inland biodiversity,bubbling","wild","natural","Oct-May","Morning","4","20","4.4","Low","Yes","Medium","Low","High","15.3667","74.1333","Dabolim","Sanguem","Bubble lake; trek shoes","Xacuti chicken","8.9","8.7","High","Tropical","Bird season","Recommended"
"IND110","Colva Beach","Goa","Goa","West","Beach","Family","South classic","3km white sand beach with Our Lady of Mercies church water sports and relaxed family vibe less crowded than north beaches,family","sandy","relaxed","Nov-Mar","Anytime","3","0","4.3","Medium","Yes","Low","Low","High","15.2728","73.9217","Dabolim","Madgaon","Church festival; beach walks","Bebinca","8.8","8.6","High","Tropical","Christmas mass","Recommended"
"IND111","Andaman Water Sports","Port Blair","Andaman & Nicobar","Islands","Water Sports","Adventure","Island adventures","Scuba diving snorkeling sea walking glass bottom boats spotting corals fish rays in turquoise Havelock waters,aquatic","thrilling","colorful","Nov-May","Morning","4","2000","4.8","Low","Yes","High","Low","High","11.6667","92.7500","Port Blair","Port Blair","Diving cert; underwater photos","Island seafood","9.5","9.4","High","Tropical","Coral spawning","Must Visit"
"IND112","Cellular Jail","Port Blair","Andaman & Nicobar","Islands","Monument","Heritage","Freedom prison","Kala Pani British colonial jail where freedom fighters endured solitary confinement now museum light sound show,patriotic","historic","grim","Oct-May","Morning","2","30","4.6","Medium","Yes","Low","High","Low","11.6750","92.7500","Port Blair","Port Blair","Light show evenings; Veer Savarkar cell","Coconut water","9.2","9.0","Medium","Tropical","Independence Day","Must Visit"
"IND113","Radhanagar Beach","Havelock","Andaman & Nicobar","Islands","Beach","Nature","Asia's best","White sands clear turquoise waters voted Asia's best beach perfect for swimming sunbathing and sunset watching,paradise","sandy","pristine","Nov-May","Anytime","3","0","4.9","Low","Yes","Low","Low","High","12.0333","93.0000","Port Blair","Havelock","Snorkeling; no shacks","Grilled lobster","9.6","9.5","High","Tropical","Sunset pink","Must Visit"
"IND114","Ross Island","Port Blair","Andaman & Nicobar","Islands","Ruins","Heritage","Abandoned capital","Victorian ruins banyan trees deer and peacocks on coral island former British administrative capital now eerie photogenic,haunting","historic","tropical","Nov-May","Morning","2","50","4.5","Low","Yes","Low","High","High","11.6500","92.7667","Port Blair","Port Blair","Ferry only; banyan alley","Andaman crab","9.1","8.9","High","Tropical","Monsoon ruins","Recommended"
"IND115","Chidiya Tapu","Port Blair","Andaman & Nicobar","Islands","Bird Sanctuary","Nature","Bird island","Mangrove forest with migratory birds mangroves sunset point and glass bottom boat rides showcasing avian diversity,birding","sunset","natural","Nov-Apr","Sunset","2","20","4.4","Low","Yes","Low","Low","High","11.5000","92.6667","Port Blair","Port Blair","Bird watching; sunset viewpoint","Fish fry","8.9","8.7","High","Tropical","Migration season","Recommended"
"IND116","Baratang Island","Port Blair","Andaman & Nicobar","Islands","Island","Adventure","Lime caves","Mangrove tunnels limestone caves mud volcano and Jarawa reserve accessible by early morning convoy through rainforest,mystical","caving","pristine","Nov-May","Early morning","6","150","4.6","Low","Yes","High","Medium","High","12.1000","92.8000","Port Blair","Port Blair","5AM convoy; mud volcano","Island thali","9.0","8.8","High","Tropical","Cave exploration","Recommended"
"IND117","Viper Island","Port Blair","Andaman & Nicobar","Islands","Island","Heritage","Prison island","Small island with gallows whipping posts where British punished convicts now haunting ruins amidst turquoise waters,grim","historic","isolated","Nov-May","Morning","1.5","50","4.2","Low","Yes","Low","High","Medium","11.6333","92.7167","Port Blair","Port Blair","Ferry from Phoenix Bay; somber mood","Fresh prawns","8.7","8.5","Medium","Tropical","Solitary ruins","Optional"
"IND118","Lakshadweep Lagoon","Kavaratti","Lakshadweep","Islands","Lagoon","Water Sports","Coral paradise","Lagoon kayaking snorkeling glass bottom boats and turtle spotting in crystal lagoons with luxury resorts,aquatic","colorful","luxurious","Nov-May","Morning","4","1000","4.9","Low","Yes","High","Low","High","10.5667","72.6333","Agatti Airport","Kavaratti","Permit needed; scuba paradise","Coconut fish curry","9.5","9.4","High","Tropical","Turtle nesting","Must Visit"
"IND119","Kadmat Beach","Kadmat","Lakshadweep","Islands","Beach","Nature","Turtle nursery","White sand beach famous for turtle hatchery snorkeling and peaceful lagoon walks with luxury beach resort,pristine","marine","serene","Nov-May","Anytime","3","0","4.8","Low","Yes","Low","Low","High","10.0000","72.3167","Agatti Airport","Kadmat","Entry permit; turtle watching","Lakshadweep rice","9.4","9.3","High","Tropical","Hatching season","Must Visit"
"IND120","Minicoy Lighthouse","Minicoy","Lakshadweep","Islands","Lighthouse","Heritage","Tallest lighthouse","42m lighthouse built 1885 offering panoramic lagoon views climb and tuna fishing village culture nearby,panoramic","maritime","historic","Nov-May","Morning","2","20","4.6","Low","Yes","Low","Medium","High","8.3000","73.0167","Agatti Airport","Minicoy","Climb 262 steps; tuna museum","Tuna curry","9.2","9.1","High","Tropical","Sunset climb","Must Visit"
"IND121","Agatti Lagoon","Agatti","Lakshadweep","Islands","Lagoon","Nature","Aquatic paradise","Lagoon water sports airport beach resort and marine life spotting in uninhabited island tranquility,idyllic","aquatic","exclusive","Nov-May","Anytime","3","0","4.7","Low","Yes","Low","Low","High","10.8500","72.2000","Agatti Airport","Agatti","Permit essential; water villa","Seafood platter","9.3","9.2","High","Tropical","Lagoon life","Must Visit"
"IND122","Bangaram Island","Bangaram","Lakshadweep","Islands","Island","Relaxation","Pristine atoll","Coral atoll resort with glass-bottom boats snorkeling and untouched beaches accessible only by boat from Agatti,untouched","sandy","exclusive","Nov-May","Anytime","3","0","4.9","Low","Yes","Low","Low","High","10.9333","72.2667","Agatti Airport","Bangaram","Permit only; no day trippers","Island lobster","9.6","9.5","High","Tropical","Coral paradise","Must Visit"
"IND123","Konark Sun Temple","Puri","Odisha","East","Temple","Heritage","UNESCO chariot","Sun God temple shaped as colossal chariot with 24 wheels erotic sculptures and diamond throne world's largest sun temple,magnificent","chariot","erotic","Oct-Mar","Morning","3","40","4.8","High","Yes","Low","High","Low","19.8859","86.0899","Bhubaneswar Airport","Puri","Sound light show; wheels detail","Chhena poda","9.4","9.2","High","Tropical","Maghi Purnima","Must Visit"
"IND124","Lingaraj Temple","Bhubaneswar","Odisha","East","Temple","Spiritual","Kalinga architecture","11th-century temple complex with 150 shrines towering 180-ft vimana and massive kitchen serving 7,000 meals daily,majestic","spiritual","gastronomic","Oct-Mar","Morning","2","0","4.6","Medium","No","Low","High","Low","20.2406","85.8376","Bhubaneswar Airport","Bhubaneswar Jn","Non-Hindu restricted; Mahashivratri","Dalma","9.2","9.0","Medium","Tropical","Shivratri","Must Visit"
"IND125","Puri Jagannath Temple","Puri","Odisha","East","Temple","Spiritual","Rath Yatra","Pilgrimage center with 12th-century Kalinga temple Jagannath Sudarshan Balabhadra deities and world-famous chariot festival,sacred","pilgrimage","festive","Oct-Mar","Morning","3","0","4.7","High","Yes","Low","High","Low","19.8058","85.8264","Bhubaneswar Airport","Puri","Rath Yatra; kitchen visit","Mahaprasad","9.5","9.3","High","Tropical","Rath Yatra","Must Visit"
"IND126","Chilika Lake","Satpada","Odisha","East","Lake","Nature","Asia's largest brackish","Dolphin spotting migratory birds Irrawaddy dolphins and Kalijai island temple in Asia's second largest lagoon ecosystem,wildlife","aquatic","pilgrimage","Nov-Feb","Morning","4","200","4.6","Medium","Yes","Medium","Low","High","19.7333","85.4667","Bhubaneswar Airport","Balasore","Dolphin boat; winter birds","Prawn malai curry","9.1","8.9","High","Tropical","Irrawaddy dolphins","Recommended"
"IND127","Udaygiri Caves","Bhubaneswar","Odisha","East","Cave","Heritage","Rock cut caves","Ancient Jain rock-cut caves with Ashoka edicts elephant sculptures and panoramic Khandagiri hill views from 2nd century BCE,ancient","sculptural","panoramic","Oct-Mar","Morning","2","15","4.4","Low","Yes","Low","High","Medium","20.3542","85.8106","Bhubaneswar Airport","Bhubaneswar Jn","Hill climb; Ashoka edicts","Dahi baigana","8.9","8.7","High","Sunny","Jain festivals","Recommended"
"IND128","Dhauli Giri","Bhubaneswar","Odisha","East","Monument","Heritage","Ashoka peace","Shanti Stupa elephant sculpture and Ashoka's Kalinga war rock edicts where emperor embraced Buddhism after bloody war,peaceful","historic","spiritual","Oct-Mar","Morning","1.5","0","4.3","Low","Yes","Low","High","Medium","20.2453","85.8106","Bhubaneswar Airport","Bhubaneswar Jn","Stupa views; edicts reading","Chitra pakha","8.8","8.6","Medium","Sunny","Peace day","Optional"
"IND129","Dakshineswar Kali Temple","Kolkata","West Bengal","East","Temple","Spiritual","Bengal spirituality","19th-century temple complex where Ramakrishna Paramahamsa attained enlightenment on Hooghly riverbanks with 12 Shiva temples,mystical","spiritual","riverine","Oct-Mar","Morning","3","0","4.6","High","Yes","Low","High","Medium","22.6445","88.3610","Netaji Subhash","Kolkata Station","Aarti evenings; Ramakrishna corner","Luchi alur dum","9.2","9.0","Medium","Tropical","Kali Puja","Must Visit"
"IND130","Victoria Memorial","Kolkata","West Bengal","East","Museum","Heritage","Indo-Sarang","British Raj white marble museum housing rare paintings artifacts and 64-acre garden with eternal flame and lakes,regal","majestic","gardened","Oct-Mar","Morning","3","30","4.5","Medium","Yes","Low","High","Medium","22.5437","88.3428","Netaji Subhash","Howrah","Light sound show; garden walk","Rasgulla","9.1","8.9","High","Tropical","Durga Puja","Must Visit"
"IND131","Howrah Bridge","Kolkata","West Bengal","East","Bridge","Engineering","Cantilever marvel","World's third longest cantilever bridge bustling with human traffic flower market ferries and iconic Kolkata skyline,iconic","bustling","engineering","Year-round","Morning","1","0","4.7","High","Yes","Low","Medium","Low","22.5750","88.3433","Netaji Subhash","Howrah","Cross by foot; sunset views","Jhalmuri","9.3","8.7","High","Tropical","Monsoon bridge","Must Visit"
"IND132","Sundarbans National Park","Kolkata","West Bengal","East","Mangrove","Nature","UNESCO Royal Bengal","Tiger reserve mangrove forests with boat safaris honey collection Royal Bengal tigers and river dolphins biosphere reserve,wild","mangrove","riverside","Oct-Mar","Morning","8","1500","4.8","Low","Yes","High","Medium","High","22.0000","89.0000","Netaji Subhash","Canning","Bonfire cruise; mosquito repellent","Hilsa fish","9.4","9.2","High","Tropical","Tiger safari","Must Visit"
"IND133","Birla Planetarium","Kolkata","West Bengal","East","Planetarium","Education","Space theatre","Asia's largest planetarium offering space shows cosmic journey holograms and astronomy museum in marble dome building,cosmic","educational","futuristic","Year-round","Evening","1.5","50","4.3","Medium","Yes","Low","Medium","Low","22.5792","88.3533","Netaji Subhash","Kolkata Station","Shows in Bengali/English; stargazing","Misti doi","8.9","8.8","Medium","Tropical","Star shows","Recommended"
"IND134","Eden Gardens","Kolkata","West Bengal","East","Stadium","Sports","Cricket cathedral","World's second largest cricket stadium with 66,000 capacity hosting Test matches IPL and historic India-Pakistan encounters,legendary","sporting","electric","Oct-Mar","Match day","3","0","4.6","High","Yes","Low","Low","Low","22.5700","88.3400","Netaji Subhash","Prinsep St","Book early; stadium tour","Bhetki macher kalia","9.2","9.0","High","Tropical","IPL fever","Recommended"
"IND135","Golden Temple","Jaisalmer","Rajasthan","North","Temple","Spiritual","Golden sandstone","Patwon ki Haveli complex with golden sandstone carvings frescoes museums showcasing richest Marwari merchant family legacy,opulent","golden","intricate","Oct-Mar","Morning","2","20","4.5","Medium","Yes","Low","High","Low","26.9117","70.9083","Jaisalmer Airport","Jaisalmer","Mirrors museum; rooftop views","Ker sangri","9.1","8.9","Medium","Sunny","Golden hour","Must Visit"
"IND136","Patwon Ki Haveli","Jaisalmer","Rajasthan","North","Palace","Heritage","First haveli","Golden sandstone haveli with frescoes mirror work and museum depicting 19th-century Marwari opulence and craftsmanship,ornate","opulent","historic","Oct-Mar","Morning","2","10","4.4","Low","Yes","Low","High","Low","26.9092","70.9092","Jaisalmer Airport","Jaisalmer Jn","Frescoes detail; no flash","Gatte ki sabzi","8.9","8.7","High","Sunny","Winter gold","Recommended"
"IND137","Bhangarh Fort","Sariska","Rajasthan","North","Fort","Heritage","Haunted ruins","Abandoned 17th-century fort with temples palaces haunted curse legends amidst Aravalli hills drawing paranormal enthusiasts,mysterious","ruined","spooky","Oct-Mar","Morning","3","40","4.3","Medium","Yes","Medium","High","Medium","27.0497","76.2611","Jaipur Intl","Dausa","Sunset prohibited; explore ruins","Dal baati","8.7","8.5","High","Sunny","Monsoon ghosts","Recommended"
"IND138","Kumbhalgarh Fort","Kumbhalgarh","Rajasthan","North","Fort","Heritage","Second longest wall","36km wall second longest after China with 360 temples palaces panoramic views birth place of Maharana Pratap,fortified","panoramic","longest","Oct-Mar","Morning","4","100","4.6","Low","Yes","Medium","High","High","25.1486","73.5853","Udaipur Airport","Kumbhalgarh","Light show; wall walk","Murgh khuddi","9.0","8.8","High","Sunny","Winter wall","Must Visit"
"IND139","Ranakpur Jain Temple","Ranakpur","Rajasthan","North","Temple","Spiritual","Marble marvel","15th-century white marble complex with 1,440 carved pillars 80 domes no two alike surrounded by Aravalli serenity,spiritual","intricate","serene","Oct-Mar","Morning","3","200","4.8","Low","Yes","Low","High","Medium","25.1833","73.4833","Udaipur Airport","Ranakpur","White dress; silence","Mewari thali","9.3","9.1","Medium","Sunny","Jain festivals","Must Visit"
"IND140","Nathdwara Shrinathji","Nathdwara","Rajasthan","North","Temple","Spiritual","Krishna haven","Pilgrimage town with Haveli-like Krishna temple 17th-century painting rituals and Pushtimarg Vaishnava traditions,miraculous","devotional","royal","Oct-Mar","Morning","2","0","4.7","High","Yes","Low","High","Low","24.9333","73.8167","Udaipur Airport","Mavli","Shringar darshan; early morning","Ghevar","9.4","9.2","High","Sunny","Janmashtami","Must Visit"
"IND141","Bodh Gaya","Mahabodhi","Gaya","Bihar","East","Temple","Spiritual","Buddha enlightenment,UNESCO Mahabodhi Temple where Gautama Buddha attained enlightenment under peepal tree with diamond throne stupas,awakening","sacred","historic","Oct-Mar","Morning","3","0","4.9","Medium","Yes","Low","High","Low","24.6950","84.9903","Gaya Airport","Gaya Jn","Buddha statue; meditation","Bodh Gaya lassi","9.5","9.3","High","Tropical","Buddha Purnima","Must Visit"
"IND142","Nalanda University","Nalanda","Bihar","East","University","Heritage","UNESCO ancient uni","World's oldest residential university ruins with monasteries libraries and red brick stupas once housing 10,000 students,scholarly","ancient","monastic","Oct-Mar","Morning","3","15","4.7","Low","Yes","Low","High","Medium","25.1333","85.4500","Patna Airport","Nalanda Rd","Great Stupa; museum nearby","Sattu paratha","9.2","9.0","Medium","Sunny","Monsoon bricks","Must Visit"
"IND143","Vairochana stupa","Leh","Ladakh","North","Monument","Spiritual","Buddhist stupa","Ancient stupa with prayer wheels Himalayan views and Ladakhi culture showcasing Tibetan Buddhism in high altitude desert setting,spiritual","panoramic","alpine","Jun-Sep","Morning","1","0","4.4","Low","Yes","Low","High","Medium","34.1667","77.5833","Kushok Bakula","Leh Jn","Prayer wheels; acclimatize","Momos","8.9","8.7","High","Cold","Summer stupa","Recommended"
"IND144","Pangong Lake","Pangong","Ladakh","North","Lake","Nature","3 Idiots lake","12,000ft altitude brackish lake changing colors surrounded by stark Ladakhi mountains 60% in China border lake,colourful","alpine","remote","Jun-Sep","Morning","4","400","4.8","Low","Yes","Medium","Low","High","33.7167","78.4167","Leh Airport","Karu Rd","Border permit; 3 Idiots spot","Thukpa","9.3","9.1","High","Cold","Summer colors","Must Visit"
"IND145","Nubra Valley","Diskit","Ladakh","North","Valley","Nature","Cold desert","Hunder sand dunes Bactrian camels Diskit Gompa and Turtuk village in highest motorable road accessible valley,exotic","desert","mountainous","Jun-Sep","Morning","6","0","4.7","Low","Yes","High","Medium","High","34.1667","77.5833","Leh Airport","Hunder","Camel safari; Turtuk trek","Apricot jam","9.2","9.0","High","Cold","Summer sands","Recommended"
"IND146","Hemis Monastery","Hemis","Ladakh","North","Monastery","Spiritual","Largest gompa","Largest Ladakhi monastery with copper statue Hemis festival July Guru Padmasambhava copper wheel of life mural,spiritual","festive","magnificent","Jun-Sep","Morning","2","0","4.6","Low","Yes","Low","High","Medium","33.9167","77.7000","Leh Airport","Hemis","July festival; copper statue","Butter tea","9.1","8.9","Medium","Cold","Hemis festival","Recommended"
"IND147","Spiti Valley","Kaza","Himachal Pradesh","North","Valley","Nature","Cold desert","Ki monastery fossil village Chandratal lake Komic highest village and Pin Valley offering stark Buddhist beauty,remote","Buddhist","alpine","Jun-Oct","Morning","7","0","4.8","Low","Yes","High","High","High","32.2333","78.0667","Kullu Airport","Kaza Rd","Permit needed; high passes","Spitian thukpa","9.3","9.1","High","Cold","Summer valleys","Must Visit"
"IND148","Key Monastery","Kaza","Himachal Pradesh","North","Monastery","Spiritual","Spiti gompa","11th-century hill monastery with ancient murals 500 monks and panoramic Spiti valley views fortified against invasions,spiritual","fortified","panoramic","Jun-Oct","Morning","2","0","4.5","Low","Yes","Low","High","High","31.5667","78.1333","Kullu Airport","Kaza","Monk interaction; sunset views","Maggi","8.9","8.7","High","Cold","Monsoon monastery","Recommended"
"IND149","Chandratal Lake","Losar","Himachal Pradesh","North","Lake","Nature","Moon lake","Lake of moon high altitude glacial lake with camping stargazing and Chandra river origin amidst barren Chandra Bhaga ranges,celestial","alpine","pristine","Jul-Sep","Morning","3","100","4.7","Low","Yes","Medium","Low","High","32.4833","77.9833","Kullu Airport","Batal","Tent stay; stargazing","Bhandak thukpa","9.2","9.0","High","Cold","Meteor showers","Recommended"
"IND150","Pin Valley","Mud","Himachal Pradesh","North","Valley","Nature","Snow leopard home","Remote valley with ibex snow leopards Pin Parvati pass and Langza fossil village offering pristine Himalayan wilderness,pristine","wild","remote","Jun-Oct","Morning","5","0","4.6","Low","Yes","High","Medium","High","31.9667","78.5167","Kullu Airport","Mud Rd","Snow leopard trek; homestay","Siddu","9.0","8.8","High","Cold","Summer wildflowers","Recommended"
"IND151","Kanha National Park","Kanha","Madhya Pradesh","Central","Wildlife","Adventure","Tiger reserve","Rudyard Kipling's Jungle Book inspiration tiger safaris grasslands meadows Barasingha deer and ancient forts,wild","grassland","classic","Oct-Jun","Morning","6","1200","4.8","Low","Yes","High","Medium","High","22.3333","80.3500","Jabalpur Airport","Kanha Rd","Sherman brothers; core safaris","Bamboo shoot","9.3","9.1","High","Tropical","Tiger show","Must Visit"
"IND152","Bandhavgarh National Park","Tala","Madhya Pradesh","Central","Wildlife","Adventure","Tiger density","High tiger density park with ancient Bandhavarh forts rock carvings and jeep safaris amidst sal forests,wild","dense","ancient","Oct-Jun","Early morning","6","1000","4.7","Low","Yes","High","High","High","23.6333","81.0333","Jabalpur Airport","Umaria","Tathao zone; morning safari","Tent restaurant","9.2","9.0","High","Tropical","Tiger tracking","Recommended"
"IND153","Pench National Park","Pench","Madhya Pradesh","Central","Wildlife","Nature","Jungle Book","Pench river Kipling country tiger sightings vultures nesting and mixed forests straddling Maharashtra MP border,wild","riverside","classic","Oct-Apr","Morning","6","800","4.6","Low","Yes","High","Medium","High","21.6667","79.2500","Nagpur Airport","Pench Rd","Turai zone; vulture restaurant","Maharashtrian thali","9.1","8.9","High","Tropical","Vulture nesting","Must Visit"
"IND154","Gokarna Beach","Gokarna","Karnataka","South","Beach","Pilgrimage","Om beach","Crescent Om-shaped beach with Mahabaleshwar Temple water sports and hippie vibe sacred to Shiva pilgrims backpackers,beach","pilgrimage","serene","Oct-May","Morning","4","0","4.6","Medium","Yes","Medium","High","High","14.5500","74.3167","Goa Dabolim","Gokarna Rd","Temple first; Om trek","Kumta fish curry","9.0","8.8","High","Tropical","Shiva worship","Must Visit"
"IND155","Mahabaleshwar Temple","Gokarna","Karnataka","South","Temple","Spiritual","Atmalinga shrine","Ancient Shiva temple housing Shiva's atmosphere linga miraculously brought from Kashi sacred pilgrimage south Kashi,powerful","ancient","sacred","Year-round","Morning","1.5","0","4.5","Medium","Yes","Low","High","Low","14.5497","74.3192","Goa Dabolim","Gokarna","Modest dress; linga darshan","Udupi dosa","8.9","8.7","Medium","Tropical","Maha Shivratri","Recommended"
"IND156","Yana Caves","Sirsi","Karnataka","South","Cave","Adventure","Rock pinnacles","Otherworldly limestone rock pinnacles caves amidst Western Ghats rainforest short trek drawing geology adventure enthusiasts,mystical","geological","trekking","Oct-May","Morning","3","50","4.4","Low","Yes","High","Low","High","14.5667","74.5000","Hubli Airport","Yana Rd","Trek 1hr; no guides needed","Sirsi elaichi bajji","8.8","8.6","High","Tropical","Rainforest caves","Recommended"
"IND157","Jog Falls","Sagar","Karnataka","South","Waterfall","Nature","India's tallest","830ft plunge divided into four streams amidst monsoon clouds highest un-tiered plunge in India viewpoint treks,cascading","mighty","monsoon","Jun-Sep","Morning","2","20","4.7","Medium","Yes","Low","Low","High","14.2333","75.0000","Hubli Airport","Talguppa","Monsoon best; viewpoint trek","Dharwad peda","9.2","9.0","High","Tropical","Peak monsoon","Must Visit"
"IND158","Hampi Ruins","Hampi","Karnataka","South","Monument","Heritage","UNESCO Vijayanagara","Vijayanagara empire ruins with Virupaksha temple Vittala musical pillars and boulder-strewn surreal landscape,epic","ruined","magnificent","Oct-Mar","Morning","6","40","4.8","Medium","Yes","Low","High","Medium","15.3350","76.4600","Bellary Airport","Hospet Jn","Bicycle tour; coracle ride","Maddur vada","9.4","9.2","High","Tropical","Vijayadashami","Must Visit"
"IND159","Vittala Temple","Hampi","Karnataka","South","Temple","Heritage","Musical pillars","16th-century temple with stone musical pillars iconographic sculptures and ornate chariot shrine Vijayanagara zenith,harmonic","sculptural","chariot","Oct-Mar","Morning","2","30","4.7","Medium","Yes","Low","High","Low","15.3333","76.4667","Bellary Airport","Hampi","Play pillars; sunrise light","Mysore masala dosa","9.3","9.1","Medium","Sunny","Music festival","Recommended"
"IND160","Anegundi","Hampi","Karnataka","South","Village","Heritage","Ancient capital","Across Tungabhadra ancient capital with Anjaneya temple prehistoric caves and organic farms peaceful Hampi alternative,rustic","prehistoric","organic","Oct-Mar","Morning","3","0","4.5","Low","Yes","Low","High","Medium","15.3500","76.4667","Bellary Airport","Anegundi Rd","Hampi ferry; village homestay","Ragi mudde","9.0","8.8","High","Sunny","Rural peace","Recommended"
"IND161","Kodaikanal Lake","Kodaikanal","Tamil Nadu","South","Lake","Nature","Princess of hill station","Man-made star-shaped lake with boating Bryant park and Coaker's walk amidst shola forests misty mornings,serene","aquatic","misty","Apr-Jun","Morning","2","30","4.4","Medium","Yes","Low","Low","High","10.2333","77.4833","Madurai Airport","Kodaikanal Rd","Boat shapes; horse rides","Kodai chocolate","8.9","8.7","High","Cool","Mist mornings","Recommended"
"IND162","Guna Caves","Kodaikanal","Tamil Nadu","South","Cave","Adventure","Devil's kitchen","Sudden pillar rock caves with Tamil movie shooting spots short trek and panoramic valley views shrouded in mystery legends,spooky","cinematic","trekking","May-Jun","Morning","2","30","4.3","Low","Yes","Medium","Low","High","10.1833","77.4667","Madurai Airport","Pillayarpatti","Trek shoes; early morning","Aval pori","8.8","8.6","Medium","Cool","Cave coolness","Optional"
"IND163","Coaker's Walk","Kodaikanal","Tamil Nadu","South","Viewpoint","Nature","360 valley","1km paved path with valley views telescope house and Kurinji flower amidst mist cloud perfect for photography,panoramic","misty","floral","Apr-Jun","Morning","1","15","4.2","Low","Yes","Low","Low","High","10.2306","77.4881","Madurai Airport","Kodaikanal Rd","Telescope house; misty mornings","Fruit salad","8.7","8.5","High","Cool","Cloud walk","Optional"
"IND164","Bryant's Park","Kodaikanal","Tamil Nadu","South","Garden","Nature","Botanical park","20-acre park with hybrid plants Australian trees fern house and rose garden perfect for strolls flower shows,floral","botanical","colorful","Year-round","Morning","1.5","20","4.1","Low","Yes","Low","Low","High","10.2314","77.4861","Madurai Airport","Kodaikanal Rd","Flower shows; butterfly park","Kodai strawberry","8.6","8.4","Medium","Cool","Bloom season","Optional"
"IND165","Pillar Rocks","Kodaikanal","Tamil Nadu","South","Viewpoint","Nature","Three pillars","400ft perpendicular rocks amidst shola forest with telescope view suicide point and misty valley views,drastic","misty","dramatic","Apr-Jun","Morning","1.5","10","4.0","Low","Yes","Low","Low","High","10.2167","77.4667","Madurai Airport","Kodaikanal Rd","Telescope view; windy","Tea estates","8.5","8.3","High","Cool","Mist pillars","Optional"
"IND166","Ladakh Monasteries","Leh","Ladakh","North","Monastery","Spiritual","Buddhist circuit","Thiksey Shey Hemis monasteries with giant Maitreya Buddha ancient murals festivals showcasing Himalayan Buddhism,monastic","spiritual","colorful","Jun-Sep","Morning","5","0","4.7","Low","Yes","Low","High","Medium","34.1667","77.5833","Leh Airport","Leh","Circuit tour; festival dates","Momos","9.2","9.0","High","Cold","Summer monasteries","Recommended"
"IND167","Tso Moriri Lake","Sumdo","Ladakh","North","Lake","Nature","High altitude","14,700ft altitude lake with nomadic Changpa tribes bar-headed geese wetlands Ramsar site pristine wilderness,pristine","alpine","nomadic","Jul-Sep","Morning","4","100","4.6","Low","Yes","Medium","Low","High","32.8167","78.2833","Leh Airport","Mahe Bridge","Permit needed; homestay","Pashmina yak cheese","9.1","8.9","High","Cold","Summer highland","Recommended"
"IND168","Zanskar Valley","Kargil","Ladakh","North","Valley","Adventure","River gorge","Padum Phugtal monastery Zanskar river frozen trek remote Buddhist villages dramatic gorges Chadar trek fame,remote","gorged","trekking","Jun-Sep","Morning","7","0","4.8","Low","Yes","High","High","High","33.3167","77.0167","Kargil Airport","Padum","Chadar winter; summer homestay","Barley chang","9.3","9.1","High","Cold","Summer Zanskar","Recommended"
"IND169","Markha Valley Trek","Leh","Ladakh","North","Trek","Adventure","High pass trek","Ganda La pass Nimaling camps monasteries traditional Ladakhi villages 5-day trek showcasing remote Buddhist life,adventurous","traditional","panoramic","Jun-Sep","Morning","5","0","4.7","Low","No","High","Medium","High","34.1667","77.5833","Leh Airport","Leh","Acclimatize; porters","Thukpa skyu","9.2","9.0","High","Cold","Autumn colors","Recommended"
"IND170","Nagarjuna Sagar","Nagarjuna Sagar","Andhra Pradesh","South","Lake","Nature","Ethipothala falls","Buddhist ruins world's largest masonry dam Nagarjunakonda islands boat rides to ancient stupas,ancient","aquatic","massive","Oct-Mar","Morning","4","50","4.5","Medium","Yes","Medium","High","High","16.5833","79.3167","Vijayawada Airport","Nagarjuna Sagar","Boat to islands; museum","Andhra meals","9.0","8.8","High","Tropical","Buddhist sites","Recommended"
"IND171","Belum Caves","Belum","Andhra Pradesh","South","Cave","Adventure","Longest cave","3.5km longest cave in India with stalactites underground streams meditation hall and ancient Buddhist history,mystical","underground","prehistoric","Oct-Mar","Morning","2","40","4.4","Low","Yes","Medium","Medium","High","15.0833","78.1167","Kurnool Airport","Belum Rd","Gandikota nearby; torch lights","Pesarattu","8.9","8.7","Medium","Tropical","Cave cool","Recommended"
"IND172","Araku Valley","Araku","Andhra Pradesh","South","Valley","Nature","Coffee plantations","Tribal museum coffee plantations Borra caves waterfalls coffee aroma Eastern Ghats biodiversity hotspot,fragrant","tribal","waterfall","Oct-May","Morning","5","0","4.6","Low","Yes","Low","Medium","High","18.3333","82.8833","Visakhapatnam Airport","Araku Rd","Toy train; tribal dance","Araku coffee","9.1","8.9","High","Tropical","Coffee harvest","Recommended"
"IND173","Lambasingi","Chintapalli","Andhra Pradesh","South","Hill Station","Nature","Kashmir of AP","Misty hill station winter snowfall coffee gardens Kothapalli waterfall tribal culture Eastern Ghats cool retreat,misty","snowy","fragrant","Nov-Feb","Morning","3","0","4.3","Low","Yes","Low","Low","High","18.1667","82.9000","Visakhapatnam Airport","Lambasingi","Winter snow; jeep safari","Ragi sangati","8.8","8.6","High","Cool","Snowfall","Recommended"
"IND174","Horsley Hills","Horsley Hills","Andhra Pradesh","South","Hill Station","Nature","Andhra Ooty","Gingee hills resort with adventure park viewpoints summer palace amidst eucalyptus forests cool climate escape,scenic","adventurous","cool","Apr-Jun","Morning","3","0","4.2","Low","Yes","Medium","Low","High","13.6500","78.4000","Bangalore Airport","Madanapalle Rd","Zipline; summer palace","Nellore biryani","8.7","8.5","High","Cool","Summer breeze","Optional"
"IND175","Tyda Park","Ananthagiri","Andhra Pradesh","South","Park","Nature","Nature camp","Jungle trails ropeway deer park plantation trails amidst Eastern Ghats rainforest biodiversity park,adventurous","jungle","wild","Oct-May","Morning","2","20","4.1","Low","Yes","Medium","Low","High","17.8833","83.0000","Visakhapatnam Airport","Tyda Rd","Ropeway; tree house stay","Ananthagiri chicken","8.6","8.4","Medium","Tropical","Jungle trek","Optional"
"IND176","Darjeeling Toy Train","Darjeeling","West Bengal","East","Heritage Train","Heritage","UNESCO steam","World Heritage steam train chugging through tea gardens hairpin loops Batasia loop with Kanchenjunga views,nostalgic","scenic","steamy","Mar-Jun","Morning","4","0","4.7","Medium","Yes","Low","High","Medium","27.0333","88.2667","Bagdogra Airport","Darjeeling","Steam joyride; sunrise train","Momos","9.2","9.0","High","Cool","Steam nostalgia","Must Visit"
"IND177","Tiger Hill","Darjeeling","West Bengal","East","Viewpoint","Nature","Kanchenjunga sunrise","11,000ft viewpoint for first rays illuminating world's 3rd highest peak magical orange glow panoramic Himalayan vista,celestial","panoramic","majestic","Mar-Jun","Pre-dawn","2","0","4.8","High","Yes","Low","Low","High","27.1000","88.3500","Bagdogra Airport","Ghoom","3AM start; warm clothes","Honey ginger tea","9.4","9.2","High","Cold","Sunrise gold","Must Visit"
"IND178","Batasia Loop","Darjeeling","West Bengal","East","Heritage Train","War memorial","Circular railway loop with war memorial 200m track and Kanchenjunga views dedicated to Gorkha soldiers","memorial","scenic","circular","Year-round","Morning","1","0","4.5","Medium","Yes","Low","Medium","Medium","27.0167","88.2833","Bagdogra Airport","Darjeeling","Gorkha museum; toy train loop","Tingmo","9.1","8.9","Medium","Cool","Memorial day","Recommended"
"IND179","Peace Pagoda","Darjeeling","West Bengal","East","Stupa","Spiritual","Japanese temple","White stupa with golden Buddha statues four directions peace mission atop Jalapahar hill panoramic Darjeeling views,peaceful","panoramic","golden","Year-round","Morning","1.5","0","4.4","Low","Yes","Low","High","Medium","27.0333","88.2500","Bagdogra Airport","Darjeeling","360 views; meditation","Sel roti","8.9","8.7","High","Cool","Peace sunset","Recommended"
"IND180","Rock Garden","Darjeeling","West Bengal","East","Garden","Art","Recycled sculpture","Barbotey Rock Garden with waterfalls recycled sculptures boating and picnic amidst tea gardens,creative","natural","recycled","Year-round","Morning","2","20","4.3","Low","Yes","Low","Medium","High","27.0000","88.2667","Bagdogra Airport","St. Williams","Picnic spot; boating","Tea estates","8.8","8.6","Medium","Cool","Rock waterfall","Optional"
"IND181","Majuli Island","Jorhat","Assam","Northeast","Island","Culture","Largest river island","Satras Vaishnavite monasteries mask making river beach world's largest river island shrinking due to erosion,cultural","riverside","monastic","Nov-Feb","Morning","5","0","4.7","Low","Yes","Low","High","Medium","26.9500","94.1667","Jorhat Airport","Nefarm","Samaguri satra; cycle tour","Assamese pitha","9.2","9.0","High","Tropical","Raas festival","Recommended"
"IND182","Tawang Chu","Tawang","Arunachal Pradesh","Northeast","River","Nature","Sacred river","Brahmaputra tributary with Sela pass lakes monasteries and highland wetlands migratory bird habitat,scenic","sacred","alpine","May-Oct","Morning","3","0","4.5","Low","Yes","Low","Low","High","27.5833","91.8667","Tezpur Airport","Tawang","Sacred dips; trout fishing","Thukpa","9.0","8.8","High","Cold","River trout","Recommended"
"IND183","Bomdila Monastery","Bomdila","Arunachal Pradesh","Northeast","Monastery","Spiritual","Gelugpa gompa","Largest Dirang monastery with 40ft Buddha statue colorful murals and panoramic Dirang valley apple orchards,serene","colorful","panoramic","Apr-Oct","Morning","2","0","4.4","Low","Yes","Low","High","Medium","27.2500","92.4000","Tezpur Airport","Bomdila","Apple festival; sunset views","Momos","8.9","8.7","Medium","Cool","Apple blossom","Recommended"
"IND184","Zemithang","Zemithang","Arunachal Pradesh","Northeast","Village","Nature","Gorsam Chorten","Gorkha war memorial temple Indo-China border warm greeting point apple apricots highland culture,borderline","historic","warm","May-Oct","Morning","3","0","4.3","Low","Yes","Low","Medium","High","27.5833","91.8667","Tezpur Airport","Zemithang","Fruit picking; border views","Yak cheese","8.8","8.6","High","Cold","Fruit harvest","Optional"
"IND185","Anini","Anini","Arunachal Pradesh","Northeast","Valley","Nature","Mishmi hills","Remote Mishmi hills Dibang river butterflies orchids trekking pristine rainforest biodiversity hotspot unexplored paradise,pristine","wild","butterfly","Apr-Oct","Morning","5","0","4.6","Low","Yes","High","Low","High","28.1667","96.0000","Dibrugarh Airport","Anini Rd","Permit essential; trekker heaven","Mishmi thali","9.1","8.9","High","Tropical","Rainforest trek","Recommended"
"IND186","Daporijo","Daporijo","Arunachal Pradesh","Northeast","Town","Culture","Tagin tribe","Tagin tribal town Subansiri river gorges hanging bridges remote Adi culture unspoiled Subansiri valley,remote","tribal","gorged","Oct-Apr","Morning","3","0","4.2","Low","Yes","Low","Medium","High","27.5167","94.3167","Dibrugarh Airport","Daporijo","Tagin village; river rafting","Smoked pork","8.7","8.5","Medium","Tropical","Tribal life","Optional"
"IND187","Tezu","Tezu","Arunachal Pradesh","Northeast","Town","Nature","Mishmi culture","Mishmi hills Lohit river Parasuram Kund pilgrimage Mishmi culture golden langurs unspoiled Eastern Arunachal,pristine","tribal","pilgrimage","Oct-Apr","Morning","4","0","4.1","Low","Yes","Low","Medium","High","27.9167","95.8500","Dibrugarh Airport","Tezu Rd","Kund pilgrimage; langur spotting","Mishmi apong","8.6","8.4","High","Tropical","Mishmi new year","Optional"
"IND188","Changlang","Changlang","Arunachal Pradesh","Northeast","Town","Nature","Tutsa tribe","Tutsa Tangsa tribes Namdapha tiger reserve rainforests tea gardens remote Eastern Arunachal biodiversity,diverse","rainforest","tribal","Oct-Apr","Morning","3","0","4.0","Low","Yes","Low","Medium","High","27.1667","95.7167","Dibrugarh Airport","Changlang","Tiger reserve; tribal museum","Tangsa pork","8.5","8.3","Medium","Tropical","Rainforest edge","Optional"
"IND189","Sivasagar","Joysagar","Assam","Northeast","Fort","Heritage","Ahom capital","Ahom kingdom capital Talatal Ghoralai palaces Rang Ghar amphitheater Shiva dol largest river island monuments,imperial","historic","amphitheater","Oct-Mar","Morning","4","20","4.6","Medium","Yes","Low","High","Medium","26.9833","94.6333","Jorhat Airport","Sivasagar Jn","Rang Ghar; light show","Assamese thali","9.0","8.8","High","Tropical","Ahom festival","Recommended"
"IND190","Hajo","Guwahati","Assam","Northeast","Pilgrimage","Nature","Hayagriva Madhab","Ancient Vishnu temple Buddhist Muslim confluence Brahmaputra views sacred to three religions unique syncretic pilgrimage,syncretic","sacred","riverside","Oct-Mar","Morning","2","0","4.4","Low","Yes","Low","High","Medium","26.2500","91.7833","Guwahati Intl","Hajo Rd","Three faiths; turtle pond","Assamese fish","8.9","8.7","Medium","Tropical","Syncretic harmony","Recommended"
"IND191","Majuli Satras","Jorhat","Assam","Northeast","Monastery","Culture","Vaishnavite hub","Uttar Kamalabari Dakhinpat Satra mask making Sattriya dance Bhaona theatre river island monastic life,performative","monastic","riverside","Nov-Feb","Morning","4","0","4.5","Low","Yes","Low","High","Medium","26.9500","94.1667","Jorhat Airport","Garamur","Mask workshop; Raas Leela","Pitha","9.1","8.9","High","Tropical","Raas Purnima","Recommended"
"IND192","Kaziranga National Park","Kaziranga","Assam","Northeast","Wildlife","Nature","UNESCO rhino","One horned rhino grasslands elephants tigers jeep elephant safaris migratory birds Brahmaputra floodplains,wildlife","grassland","rhino","Nov-Apr","Morning","6","1500","4.9","Low","Yes","High","Medium","High","26.5833","93.1667","Jorhat Airport","Furkating","Rhino jeep; elephant ride","Assamese duck","9.5","9.3","High","Tropical","Rhino spotting","Must Visit"
"IND193","Pobitora Wildlife","Pobitora","Assam","Northeast","Wildlife","Nature","Highest rhino density","Highest rhino density grasslands hog deer elephant rides watchtower pristine Brahmaputra wetlands,pristine","dense","wetland","Nov-Apr","Morning","4","800","4.7","Low","Yes","High","Low","High","26.2167","92.0333","Guwahati Intl","Pobitora Rd","Rhino point; morning mist","Bamboo chicken","9.3","9.1","High","Tropical","Morning mist","Recommended"
"IND194","Manas National Park","Manas","Assam","Northeast","Wildlife","Nature","UNESCO tiger reserve","Golden langur pygmy hog tigers Bodo culture Indo-Bhutan border pristine Manas river grasslands biosphere reserve,rare","pristine","transborder","Nov-Mar","Morning","6","1200","4.8","Low","Yes","High","Medium","High","26.6667","91.0000","Guwahati Intl","Samsi Rd","Banbari watchtower; golden langur","Duck pitika","9.4","9.2","High","Tropical","Langur spotting","Must Visit"
"IND195","Namdapha National Park","Changlang","Arunachal Pradesh","Northeast","Wildlife","Nature","Holiest tiger reserve","Hoolock gibbon clouded leopard tigers rainforests Deban Noa-Dehing highest biodiversity Western Arunachal,wild","rainforest","rare","Oct-May","Morning","5","0","4.6","Low","Yes","High","Low","High","27.5000","96.0000","Dibrugarh Airport","Miao Rd","Permit essential; hornbill trek","Hoolock curry","9.2","9.0","High","Tropical","Jungle nights","Recommended"
"IND196","Dzukou Valley","Kohima","Nagaland","Northeast","Valley","Nature","Lily valley","Bamboo forests endemic lilies trekking highland meadows India-Myanmar border stunning sunrise-sunset views panoramic,floral","alpine","panoramic","Apr-Jul","Morning","6","100","4.7","Low","Yes","High","Low","High","25.5833","94.1667","Dimapur Airport","Kohima Rd","Tent camping; lily bloom","Hornbill festival","9.1","8.9","High","Cool","Lily valley","Must Visit"
"IND197","Kohima War Cemetery","Kohima","Nagaland","Northeast","Cemetery","Heritage","WWII memorial","Allied cemetery with 1,400 graves Battle of Tennis Court epitaphs manicured lawns overlooking Kohima ridge,historic","somber","manicured","Year-round","Morning","1.5","0","4.5","Low","Yes","Low","High","Low","25.6667","94.1167","Dimapur Airport","Kohima Jn","Epitaph reading; respectful silence","Naga pork","9.0","8.8","Medium","Cool","Remembrance Day","Recommended"
"IND198","Khonoma Village","Kohima","Nagaland","Northeast","Village","Culture","Green village","Asia's first green village Angami Naga terraced fields warrior history eco-tourism community conserved forests,eco","tribal","terraced","Oct-Apr","Morning","4","0","4.6","Low","Yes","Low","High","Medium","25.6667","94.3333","Dimapur Airport","Khonoma Rd","Community homestay; warrior museum","Galho","8.9","8.7","High","Cool","Harvest festival","Recommended"
"IND199","Pfütsero","Pfütsero","Nagaland","Northeast","Town","Nature","Chakhesang culture","Chakhesang Naga town highest literacy terraced fields crystal caves cultural festivals remote Phek district beauty,terraced","cultural","remote","Oct-Apr","Morning","3","0","4.4","Low","Yes","Low","Medium","High","25.5833","94.5167","Dimapur Airport","Pfütsero Rd","Cultural shows; cave trek","Axone","8.8","8.6","Medium","Cool","Tribal festivals","Optional"
"IND200","Zunheboto","Zunheboto","Nagaland","Northeast","Town","Culture","Sümi Naga","Sümi Naga log drums largest village council cultural centre traditional huts warrior culture remote western Nagaland,drum","cultural","warrior","Oct-Apr","Morning","3","0","4.3","Low","Yes","Low","Medium","Medium","25.6667","94.5167","Dimapur Airport","Zunheboto Rd","Log drum; village council","Ahu kezh","8.7","8.5","High","Cool","Naga new year","Optional"
"IND201","Longwa Village","Mon","Nagaland","Northeast","Village","Culture","Angh kingdom","Headhunter Konyak village India-Myanmar border Angh king's house straddling border skull collections tattooed warriors,primitive","border","tribal","Oct-Apr","Morning","4","0","4.5","Low","Yes","Medium","High","Medium","26.0000","95.5167","Dibrugarh Airport","Mon Rd","Angh palace; skull house","Smoked meat","9.0","8.8","Medium","Tropical","Headhunter stories","Recommended"
"IND202","Shilloi Lake","Zunheboto","Nagaland","Northeast","Lake","Nature","Sacred lake","Sacred crater lake Naga folklore fishing prohibited surrounded by virgin forests spiritual site treks,serene","sacred","forested","Oct-Apr","Morning","3","0","4.4","Low","Yes","Low","High","High","25.6667","94.5167","Dimapur Airport","Zunheboto Rd","No fishing; silent contemplation","Naga trout","8.9","8.7","High","Cool","Lake serenity","Recommended"
"IND203","Intanki National Park","Peren","Nagaland","Northeast","Wildlife","Nature","Blyth's tragopan","Hoolock gibbons hornbills limestone caves pristine rainforest highest rainfall Northeast biodiversity hotspot,wild","rainforest","rare","Oct-May","Morning","5","500","4.6","Low","Yes","High","Low","High","25.5833","93.6667","Dimapur Airport","Peren Rd","Birdwatching; cave trek","Gibbon call curry","9.1","8.9","High","Tropical","Jungle symphony","Recommended"
"IND204","Fakim Wildlife Sanctuary","Tulungia","Nagaland","Northeast","Wildlife","Nature","Patkai hills","Serow clouded leopard hornbills Indo-Myanmar border pristine Patkai range rainforest biodiversity,pristine","rainforest","transborder","Oct-May","Morning","4","0","4.5","Low","Yes","High","Medium","High","25.1667","95.3167","Dibrugarh Airport","Fakim Rd","Patrolling area; binoculars","Serow stew","9.0","8.8","High","Tropical","Patkai mist","Optional"
"IND205","Barail Wildlife Sanctuary","Haflong","Assam","Northeast","Wildlife","Nature","Highest rainfall","Golden cats elephants clouded leopards highest rainfall India pristine Barail range cloud forests,clouded","wild","cloudy","Oct-May","Morning","6","0","4.7","Low","Yes","High","Low","High","25.1667","93.0000","Guwahati Intl","Haflong Rd","Cloud forest; elephant corridor","Barail bamboo shoot","9.2","9.0","High","Tropical","Cloud leopard","Recommended"
"IND206","Aizawl Hills","Aizawl","Mizoram","Northeast","Hill Station","Nature","Mizo capital","Hill station with Durtlang hills Vantawng falls treks panoramic views Mizo culture tropical forests,panoramic","tropical","Mizo","Oct-Apr","Morning","3","0","4.4","Medium","Yes","Low","Medium","High","23.7333","92.7167","Lengpui Airport","Aizawl Jn","Tretop walk; sunset views","Mizo bai","8.9","8.7","High","Tropical","Sunset hills","Recommended"
"IND207","Vantawng Falls","Thenzawl","Mizoram","Northeast","Waterfall","Nature","Mizoram Niagara","229m highest waterfall Mizoram surrounded by tropical forests trekking picnics rainbows,thundering","tropical","rainbow","Jun-Sep","Morning","2","0","4.5","Low","Yes","Low","Low","High","23.2500","92.8333","Lengpui Airport","Thenzawl Rd","Monsoon best; slippery rocks","Mizo trout","9.0","8.8","High","Tropical","Rainbow mist","Recommended"
"IND208","Reiek","Tlabung","Mizoram","Northeast","Hill Station","Nature","Tomb of Eden","Hill station with hanging bridge trekking Mizo cultural village panoramic Champhai views tropical forests,scenic","cultural","bridged","Oct-Apr","Morning","3","0","4.3","Low","Yes","Medium","Medium","High","23.3333","92.8000","Lengpui Airport","Reiek Rd","Cultural village; hanging bridge","Zawlhnuam pork","8.8","8.6","Medium","Tropical","Tropical trek","Optional"
"IND209","Hmuifang","Hmuifang","Mizoram","Northeast","Hill Station","Nature","Saiha views","Tropical hill station with Saiha views rhododendron forests trekking Mizo culture unspoiled South Mizoram beauty,floral","tropical","remote","Oct-Apr","Morning","3","0","4.2","Low","Yes","Low","Medium","High","22.9167","93.0000","Lengpui Airport","Hmuifang Rd","Rhododendron trek; homestay","Saiha chicken","8.7","8.5","High","Tropical","Flower carpet","Optional"
"IND210","Serchhip","Serchhip","Mizoram","Northeast","Town","Culture","Mizo culture","Mizo cultural town with museums traditional houses scenic hills gateway to Thenzawl Vantawng falls,traditional","cultural","scenic","Oct-Apr","Morning","2","0","4.1","Low","Yes","Low","Medium","Medium","23.9333","92.8167","Lengpui Airport","Serchhip Jn","Museum; traditional lunch","Mizo thali","8.6","8.4","Medium","Tropical","Cultural immersion","Optional"
"IND211","Phawngpui Blue Mountain","Saiha","Mizoram","Northeast","Hill Station","Nature","Mizoram highest peak","2157m highest peak Mizoram Phawngpui national park rhododendrons trekking panoramic views tropical forests,panoramic","floral","peak","Oct-Apr","Morning","5","0","4.6","Low","Yes","High","Medium","High","22.4167","93.0333","Lengpui Airport","Saiha Rd","Tough trek; camping","Bamboo flower","9.1","8.9","High","Tropical","Summit views","Recommended"
"IND212","Murlen National Park","Hnahthial","Mizoram","Northeast","Wildlife","Nature","Blyth's tragopan","Blyth's tragopan serow Mrs Hume's pheasant pristine tropical forests highest biodiversity Mizoram,pristine","birding","rare","Oct-May","Morning","4","0","4.5","Low","Yes","High","Low","High","23.1667","92.8333","Lengpui Airport","Hnahthial Rd","Birdwatching; silent trek","Pheasant curry","9.0","8.8","High","Tropical","Bird symphony","Recommended"
"IND213","Dampa Tiger Reserve","West Phaileng","Mizoram","Northeast","Wildlife","Nature","Tiger reserve","Tigers gaurs clouded leopards hoolock gibbons tropical wet evergreen forests Dampa lake boat safaris,wild","wet","evergreen","Oct-May","Morning","6","800","4.7","Low","Yes","High","Medium","High","23.4167","92.5833","Lengpui Airport","Zawlnuam Rd","Tiger safari; lake cruise","Gaur meat","9.2","9.0","High","Tropical","Tiger territory","Recommended"
"IND214","Tlawng River","Vairengte","Mizoram","Northeast","River","Nature","River cruise","Longest river Mizoram with gorges rapids tribal villages scenic cruises biodiversity corridor,scenic","gorged","tribal","Oct-Apr","Morning","3","0","4.4","Low","Yes","Medium","Low","High","24.0000","92.5000","Lengpui Airport","Vairengte Rd","River cruise; fishing","Mizo river fish","8.9","8.7","Medium","Tropical","River adventure","Optional"
"IND215","Agartala Ujjayanta Palace","Agartala","Tripura","East","Palace","Heritage","Tripura royal","19th-century palace now museum with Durbar Hall rose gardens lakes Tripura kings artifacts,regal","museum","gardened","Oct-Mar","Morning","2","20","4.5","Medium","Yes","Low","High","Medium","23.8333","91.2833","Agartala Airport","Agartala Jn","Sound light show; rose garden","Thukpa momo","9.0","8.8","High","Tropical","Royal splendor","Recommended"
"IND216","Nehru Park","Agartala","Tripura","East","Park","Nature","Musical fountain","Japanese garden musical fountain boating lake rose garden family park with cultural shows,family","musical","gardened","Oct-Mar","Evening","2","10","4.3","Medium","Yes","Low","Low","High","23.8167","91.2667","Agartala Airport","Agartala Jn","Evening fountains; boat rides","Bamboo shoot","8.8","8.6","Medium","Tropical","Fountain show","Optional"
"IND217","Sepahijala Wildlife","Sepahijala","Tripura","East","Wildlife","Nature","Botanical park","Clouded leopards spectacled langurs botanical garden butterfly park lake boating biodiversity conservation,diverse","botanical","butterfly","Oct-Apr","Morning","4","50","4.6","Low","Yes","Medium","Medium","High","23.6167","91.3833","Agartala Airport","Bishramganj Rd","Langur feeding; butterfly park","Pig curry","9.1","8.9","High","Tropical","Wildlife closeup","Recommended"
"IND218","Tripura Sundari Temple","Udaipur","Tripura","East","Temple","Spiritual","One of 51 shakti peeths","Ancient Tripura Sundari temple one of 51 Shakti Peeths Kalika Purana black stone idol Maha Tripurasundari,shakti","ancient","sacred","Oct-Mar","Morning","2","0","4.7","Medium","Yes","Low","High","Low","23.4000","91.4833","Agartala Airport","Udaipur Rd","Diwali special; priest guide","Tripuri thali","9.2","9.0","Medium","Tropical","Shakti worship","Must Visit"
"IND219","Bhumichak Temple","Bishalgarh","Tripura","East","Temple","Spiritual","Ancient Kali","Ancient Kali temple with hot spring ritual bathing Tripuri culture stone idols amidst tropical forests,pilgrimage","hotspring","ancient","Oct-Mar","Morning","1.5","0","4.4","Low","Yes","Low","High","Medium","23.6167","91.4833","Agartala Airport","Bishalgarh Rd","Ritual bath; stone idols","Kali puja","8.9","8.7","High","Tropical","Hot spring","Must Visit"
"IND220","Rock Garden","Dharmanagar","Tripura","East","Garden","Art","Recycled art","Rock garden waterfalls recycled sculptures boating musical fountain picnic spot North Tripura greenery,creative","natural","musical","Oct-Mar","Morning","2","10","4.2","Low","Yes","Low","Medium","High","24.3667","92.1667","Agartala Airport","Dharmanagar Jn","Picnic; boat rides","Local fish","8.7","8.5","Medium","Tropical","Rock waterfall","Optional"
"IND221","Mandakini Temple","Ambassa","Tripura","East","Temple","Spiritual","Ancient temple","Ancient stone temple with intricate carvings Tripuri mythology amidst Dhalai hills forested hills,ancient","carved","forested","Oct-Mar","Morning","1.5","0","4.3","Low","Yes","Low","High","Medium","24.0000","91.8333","Agartala Airport","Ambassa Rd","Carvings detail; forest trek","Tripuri vegetarian","8.8","8.6","Medium","Tropical","Ancient stone","Optional"
"IND222","Gomati River Cruise","Teliamura","Tripura","East","River","Nature","River cruise","Gomati river cruise tribal villages crocodiles birdwatching scenic bends tropical riverine life,scenic","tribal","aquatic","Oct-Mar","Morning","3","200","4.4","Low","Yes","Medium","Low","High","23.6167","91.6167","Agartala Airport","Teliamura Rd","Birdwatching; croc spotting","River fish thali","8.9","8.7","High","Tropical","River wildlife","Recommended"
"IND223","Jampui Hills","Jampui","Tripura","East","Hill Station","Nature","Bamboo dance","Orange orchards Tripuri bamboo dance highest literacy tribal culture North Tripura hill station,fragrant","cultural","dance","Oct-Apr","Morning","3","0","4.5","Low","Yes","Low","High","Medium","24.2667","92.4667","Agartala Airport","Kanchanpur Rd","Bamboo dance; orange picking","Orange curry","9.0","8.8","High","Cool","Harvest dance","Recommended"
"IND224","Unakoti","Unakoti","Tripura","East","Rock Carvings","Heritage","Megalithic carvings","7th century rock carvings largest Shaivite rock cut sculptures Kailashnivasini 30ft Shiva face open air museum,ancient","megalithic","carved","Oct-Mar","Morning","2","20","4.6","Low","Yes","Low","High","Medium","24.2667","92.3000","Agartala Airport","Kailashahar Rd","Mahashivratri; rock faces","Tripura bamboo shoot","9.1","8.9","Medium","Sunny","Rock Shiva","Recommended"
"IND225","Pilak","Pilak","Tripura","East","Ruins","Heritage","Buddhist ruins","8th century Buddhist Hindu terracotta plaques pilak site museum palm leaf manuscripts ancient Gumti ruins,ancient","terracotta","Buddhist","Oct-Mar","Morning","2","10","4.4","Low","Yes","Low","High","Medium","23.5000","91.6667","Agartala Airport","Belonia Rd","Museum plaques; Gumti ruins","Palm leaf curry","8.9","8.7","High","Tropical","Ancient art","Recommended"
"IND226","Umiam Lake (Cont.)","Shillong","Meghalaya","Northeast","Lake","Nature","Adventure park","Pine hills boating water sports zip line Burma bridge adventure park Scotland of East vibe,adventurous","aquatic","pine","Oct-May","Anytime","3","50","4.5","Medium","Yes","High","Low","High","25.6539","91.9163","Shillong Airport","Guwahati","Zip line; water castle","Khasi jadoh","9.1","8.9","High","Cool","Summer splash","Must Visit"
"IND227","Lake Umiam","Shillong","Meghalaya","Northeast","Lake","Nature","Barapani boating","Artificial lake with shilloi park water sports camping scenic drives pine backdrop perfect family outing,family","scenic","pine","Oct-May","Morning","2","30","4.4","Medium","Yes","Low","Low","High","25.6539","91.9163","Shillong Airport","Guwahati","Boomerang resort; boating","Khasi rice beer","8.9","8.7","Medium","Cool","Lake family","Recommended"
"IND228","Nohkalikai Falls","Cherrapunji","Meghalaya","Northeast","Waterfall","Nature","Tragic legend","340m plunge highest in India legend of heartbroken mother misty rainforest backdrop panoramic views,cascading","tragic","misty","Jun-Sep","Morning","1.5","50","4.6","Medium","Yes","Low","Low","High","25.2667","91.6833","Shillong Airport","Sohra","Monsoon power; legend","Mawsmai thali","9.0","8.8","High","Tropical","Rainbow fall","Recommended"
"IND229","Mawsmai Cave","Cherrapunji","Meghalaya","Northeast","Cave","Adventure","Limestone cave","Limestone cave with stalactites chambers wet slippery floors torchlight exploration rainforest setting,adventurous","limestone","wet","Year-round","Morning","1","50","4.5","Low","Yes","Medium","Low","High","25.2667","91.7000","Shillong Airport","Sohra","Torchlight; slippers","Meghalaya chicken","8.9","8.7","Medium","Tropical","Cave chill","Recommended"
"IND230","Seven Sister Falls","Cherrapunji","Meghalaya","Northeast","Waterfall","Nature","Seven streams","Nanda Betabri seven sister streams merging rainforest backdrop panoramic views monsoon magic,multiple","misty","magical","Jun-Sep","Morning","1","0","4.4","Low","Yes","Low","Low","High","25.2667","91.7000","Shillong Airport","Sohra","Monsoon best; viewpoint","Dawki fish","8.8","8.6","High","Tropical","Seven sisters","Recommended"
"IND231","Thangkharang Park","Cherrapunji","Meghalaya","Northeast","Park","Nature","Elephant point","Pine park with elephant shaped rock valley views walking trails picnic spot rainforest edge,scenic","pine","elephant","Oct-May","Morning","1.5","20","4.3","Low","Yes","Low","Low","High","25.2500","91.7167","Shillong Airport","Sohra","Elephant rock; picnic","Khasi curry","8.7","8.5","Medium","Cool","Park peace","Optional"
"IND232","Kudengrim Viewpoint","Cherrapunji","Meghalaya","Northeast","Viewpoint","Nature","Sohra panorama","Panoramic Bangladesh plains Sylhet views cloud deck rainforest canopy highest viewpoint Cherrapunji,panoramic","cloud","international","Oct-May","Morning","1","20","4.5","Low","Yes","Low","Low","High","25.2667","91.7167","Shillong Airport","Sohra","Cloud deck; sunrise","Mawphlang thali","9.0","8.8","High","Cool","Cloud ocean","Recommended"
"IND233","Laitlum Canyon","Shillong","Meghalaya","Northeast","Canyon","Nature","Grand canyon","Grand canyon like valleys bamboo bridges root bridges trekking panoramic root valley views,grand","bamboo","trekking","Oct-May","Morning","4","50","4.6","Low","Yes","High","Low","High","25.3333","91.8333","Shillong Airport","Laitlum Rd","Root bridges; trek shoes","Khasi bamboo shoot","9.1","8.9","High","Cool","Canyon trek","Recommended"
"IND234","Mawphlang Sacred Grove","Shillong","Meghalaya","Northeast","Grove","Nature","Sacred forest","Ancient Khasi sacred grove menhirs forest spirits protected rainforest biodiversity cultural rituals,ancient","sacred","protected","Year-round","Morning","1.5","20","4.4","Low","Yes","Low","High","High","25.4500","91.7833","Shillong Airport","Mawphlang Rd","Sacred silence; menhirs","Khasi herbs","8.9","8.7","Medium","Cool","Sacred forest","Recommended"
"IND235","David Scott Trail","Shillong","Meghalaya","Northeast","Trek","Heritage","Trek trail","Historical British trek Mawphlang to Sohra pine forests villages viewpoints old resting places scenic trail,historic","pine","village","Oct-May","Morning","6","0","4.5","Low","Yes","High","Medium","High","25.4167","91.7500","Shillong Airport","Mawphlang Rd","Full day trek; history","Khasi jadoh","9.0","8.8","High","Cool","Trek adventure","Recommended"
"IND236","Sohra Village","Cherrapunji","Meghalaya","Northeast","Village","Culture","Khasi village","Khasi tribal village living root bridges homestays cultural dances panoramic views authentic Northeast life,authentic","tribal","rooted","Year-round","Morning","3","0","4.4","Low","Yes","Low","High","Medium","25.2667","91.7167","Shillong Airport","Sohra","Homestay; Khasi dance","Wah Khasu","8.8","8.6","Medium","Tropical","Village life","Optional"
"IND237","Living Root Bridges","Cherrapunji","Meghalaya","Northeast","Bridge","Nature","Double decker","Banyan root bridges engineered by Khasi tribals double decker Nohriat village living architecture rainforest marvel,organic","living","engineered","Oct-May","Morning","3","100","4.8","Low","Yes","Medium","Low","High","25.2667","91.7000","Shillong Airport","Nongriat","Double decker; trek shoes","Rainforest curry","9.3","9.1","High","Tropical","Root marvel","Must Visit"
"IND238","Kaziranga (Cont.)","Kaziranga","Assam","Northeast","Wildlife","Nature","Rhino safari","Jeep elephant safaris one horned rhinos water buffaloes wetlands grasslands UNESCO World Heritage biodiversity,wildlife","wetland","rhino","Nov-Apr","Morning","6","1500","4.9","Low","Yes","High","Medium","High","26.5833","93.1667","Jorhat Airport","Furkating","Central range; morning mist","Assamese duck","9.5","9.3","High","Tropical","Rhino kingdom","Must Visit"
"IND239","Majuli (Cont.)","Majuli","Assam","Northeast","Island","Culture","Satra life","Sattriya dance mask making pottery river beach monastic life largest river island disappearing act,cultural","riverside","monastic","Nov-Feb","Morning","4","0","4.7","Low","Yes","Low","High","Medium","26.9500","94.1667","Jorhat Airport","Garamur","Cycle tour; satra stay","Pitha","9.2","9.0","High","Tropical","River monastery","Recommended"
"IND240","Pobitora (Cont.)","Pobitora","Assam","Northeast","Wildlife","Nature","Rhino density","Highest rhino density grasslands misty mornings hog deer watchtower jeep safaris pristine wetlands,pristine","misty","dense","Nov-Apr","Morning","4","800","4.7","Low","Yes","High","Low","High","26.2167","92.0333","Guwahati Intl","Pobitora Rd","Morning mist; rhino point","Bamboo chicken","9.3","9.1","High","Tropical","Misty rhinos","Recommended"
"IND241","Awantipora","Awantipora","Jammu & Kashmir","North","Temple","Heritage","Kashmiri architecture","11th-century Awantipora temples Pandreta Ganeshpora ruins showcasing Kashmiri School architecture amidst apple orchards,historic","ancient","architectural","Apr-Oct","Morning","2","0","4.3","Low","Yes","Low","High","Medium","33.9167","74.9833","Srinagar Intl","Awantipora","Orchard backdrop; ruins explore","Kashmiri kahwa","8.8","8.6","Medium","Cool","Autumn apples","Optional"
"IND242","Martyrs' Graveyard","Srinagar","Jammu & Kashmir","North","Memorial","Heritage","Political martyrs","Graves of Kashmir political leaders freedom fighters amidst Chinar trees poignant history memorial,poignant","historic","shaded","Apr-Oct","Morning","1","0","4.2","Low","Yes","Low","High","Low","34.0667","74.8333","Srinagar Intl","Srinagar Jn","Chinar shade; history read","Kashmiri rogan josh","8.7","8.5","Medium","Cool","Martyrs day","Optional"
"IND243","Harwan Gardens","Srinagar","Jammu & Kashmir","North","Garden","Nature","Ancient park","Ancient pleasure gardens with Chinar trees lotus ponds Mughal pavilions serene walks amidst Zabarwan hills,serene","ancient","lotus","Apr-Oct","Morning","2","20","4.4","Low","Yes","Low","Low","High","34.1167","74.9000","Srinagar Intl","Harwan Rd","Lotus season; Mughal pavilions","Wazwan veg","8.9","8.7","High","Cool","Summer serenity","Recommended"
"IND244","DachiGAM National Park","Dachigam","Srinagar","Jammu & Kashmir","North","Wildlife","Nature","Hangul deer,Hangul conservation area Himalayan black bears monal pheasants pine forests Zabarwan sanctuary,pristine","wild","alpine","Apr-Nov","Morning","5","200","4.5","Low","Yes","High","Medium","High","34.0000","75.0000","Srinagar Intl","Dachigam Rd","Hangul spotting; pheasant","Kashmiri trout","9.0","8.8","High","Cool","Hangul season","Recommended"
"IND245","Verinag","Verinag","Jammu & Kashmir","North","Spring","Nature","Jhelum source","Spring source of Jhelum river Mughal gardens octagonal pavilion crystal clear waters trout hatchery,crystalline","Mughal","octagonal","Apr-Oct","Morning","1.5","20","4.4","Low","Yes","Low","Low","High","33.5167","75.2333","Srinagar Intl","Qazigund Rd","Trout hatchery; spring source","Kashmiri nadru","8.8","8.6","Medium","Cool","Spring purity","Recommended"
"IND246","Aharbal","Aharbal","Jammu & Kashmir","North","Waterfall","Nature","Kashmir Niagara","Mini Niagara waterfall amidst pine forests picnic spot trout fishing crystal clear waters Baisaran meadows nearby,cascading","pine","mini","Apr-Oct","Morning","2","0","4.3","Low","Yes","Low","Low","High","33.6667","75.0000","Srinagar Intl","Aharbal Rd","Picnic; trout fishing","Kashmiri morel","8.7","8.5","High","Cool","Fall mist","Optional"
"IND247","Sinthan Top","Sinthan","Jammu & Kashmir","North","Pass","Nature","High meadow","9,200ft high meadow Pir Panjal range alpine flowers shepherd huts panoramic meadows camping stargazing,wildflower","alpine","meadow","Jun-Sep","Morning","3","50","4.6","Low","Yes","Medium","Low","High","33.3333","75.1667","Srinagar Intl","Qazigund Rd","Camping; stargazing","Kashmiri herbed rice","9.1","8.9","High","Cool","Wildflowers","Recommended"
"IND248","Margan Top","Margan","Jammu & Kashmir","North","Pass","Nature","Alpine pass","13,000ft alpine pass meadows glacier views camping shepherd trails Pir Panjal beauty untouched highland,alpine","glacial","untouched","Jul-Sep","Morning","4","0","4.5","Low","Yes","High","Low","High","33.3333","75.1667","Srinagar Intl","Shopian Rd","Tough trek; glacier view","Yak cheese","9.0","8.8","High","Cold","Summer highland","Recommended"
"IND249","Kokernag","Kokernag","Jammu & Kashmir","North","Garden","Nature","Botanical park","Botanical gardens saffron fields trout hatchery Mughal gardens Achabal nearby serene South Kashmir retreat,botanical","saffron","serene","Apr-Oct","Morning","2","20","4.4","Low","Yes","Low","Medium","High","33.5667","75.0667","Srinagar Intl","Anantnag Rd","Saffron fields; gardens","Botra kashmiri","8.9","8.7","Medium","Cool","Saffron harvest","Recommended"
"IND250","Achabal","Achabal","Jammu & Kashmir","North","Garden","Nature","Mughal gardens","Jahangir gardens crystal cascades terraced Mughal gardens pine backdrop serene South Kashmir jewel,terraced","Mughal","cascading","Apr-Oct","Morning","1.5","10","4.3","Low","Yes","Low","Low","High","33.5333","75.1667","Srinagar Intl","Anantnag Rd","Cascades; Mughal symmetry","Kashmiri dum aloo","8.8","8.6","High","Cool","Garden symmetry","Optional"
"IND251","Gurez Valley","Gurez","Jammu & Kashmir","North","Valley","Nature","Kishanganga","Remote Dard-Shina valley Kishangangar river wooden houses Habba Khatoon peak Indo-Pak LOC pristine alpine meadows,remote","Dard","alpine","Jun-Sep","Morning","6","200","4.7","Low","Yes","Medium","Medium","High","34.6667","74.6667","Srinagar Intl","Gurez Rd","Permit needed; wooden houses","Kishanganga trout","9.2","9.0","High","Cool","Alpine isolation","Recommended"
"IND252","Tulip Garden","Srinagar","Jammu & Kashmir","North","Garden","Nature","Asia largest","Asia's largest tulip garden 55 varieties 1.5M bulbs Chinar backdrop musical fountains spring carnival,floral","musical","colorful","Mar-Apr","Morning","2","50","4.6","Medium","Yes","Low","Low","High","34.1167","74.8500","Srinagar Intl","Nalend","Blooming season; carnival","Kashmiri falooda","9.1","8.9","High","Cool","Tulip symphony","Recommended"
"IND253","Yusmarg","Yusmarg","Jammu & Kashmir","North","Meadow","Nature","Meadow of Jesus","Alpine meadow Doodh Ganga river pine forests shepherd trails picnic spot day trek from Srinagar,alpine","pine","pastoral","Apr-Oct","Morning","3","100","4.5","Low","Yes","Medium","Low","High","33.9833","74.8167","Srinagar Intl","Charar-e-Sharif Rd","Pony rides; meadow picnic","Kashmiri herbed tea","9.0","8.8","Medium","Cool","Meadow stroll","Recommended"
"IND254","Naranag","Naranag","Jammu & Kashmir","North","Temple","Nature","Ancient ruins","Ancient Shiva temple ruins amidst alpine meadows Kheer Bhawani nearby trek base pristine Wangath valley,ancient","alpine","ruined","Jun-Sep","Morning","3","0","4.4","Low","Yes","Low","High","High","34.2667","74.9167","Srinagar Intl","Kangan Rd","Trek base; ruins explore","Kashmiri walnut","8.9","8.7","High","Cool","Alpine ruins","Recommended"
"IND255","Vishansh Dara","Vishansh","Jammu & Kashmir","North","Viewpoint","Nature","Pir Panjal view","High meadow Pir Panjal panorama alpine flowers shepherd huts camping stargazing untouched beauty,panoramic","wildflower","starry","Jul-Sep","Morning","4","0","4.6","Low","Yes","High","Low","High","34.0000","75.0000","Srinagar Intl","Tangmarg Rd","Camping; stargazing","Yakhni","9.1","8.9","High","Cold","Summer stars","Recommended"
"IND256","Sheshnag Lake","Sheshnag","Jammu & Kashmir","North","Lake","Nature","Amarnath Yatra","High altitude lake Amarnath Yatra halting point trout fishing alpine flowers ice lingam views glacier backdrop,sacred","alpine","glacial","Jun-Aug","Morning","2","0","4.5","Low","Yes","Medium","Medium","High","34.0833","75.4833","Srinagar Intl","Pahalgam Rd","Yatra camp; trout fishing","Kashmiri morels","9.0","8.8","Medium","Cold","Yatra halt","Recommended"
"IND257","Kolahoi Glacier","Kolahoi","Jammu & Kashmir","North","Glacier","Nature","Lidder source","Lidder valley source glacier base camp mountaineering Kolahoi peak base stunning ice wall alpine meadows,icy","alpine","mountaineering","Jul-Sep","Morning","5","0","4.7","Low","No","High","Medium","High","34.1667","75.4167","Srinagar Intl","Aru Valley Rd","Base camp; mountaineering","Kashmiri buckwheat","9.2","9.0","High","Cold","Glacier base","Recommended"
"IND258","Alpathar Lake","Alpathar","Jammu & Kashmir","North","Lake","Nature","Alpine gem","High altitude lake amidst alpine flowers glacier views camping fishing pristine Sonamarg area untouched beauty,pristine","alpine","colorful","Jul-Sep","Morning","4","0","4.6","Low","Yes","Medium","Low","High","34.3167","75.3167","Srinagar Intl","Sonamarg Rd","Trek camping; fishing","Kashmiri trout","9.1","8.9","High","Cold","Summer alpine","Recommended"
"IND259","Vishansh Top","Vishansh","Jammu & Kashmir","North","Peak","Nature","Snow peak","14,000ft snow peak panoramic 360 views alpine flowers camping mountaineering base challenging trek,peak","panoramic","snowy","Jul-Sep","Morning","5","0","4.5","Low","No","High","Low","High","34.0000","75.0000","Srinagar Intl","Tangmarg Rd","Technical climb; acclimatize","Snow tea","9.0","8.8","High","Cold","Summit 360","Recommended"
"IND260","Baltal","Baltal","Jammu & Kashmir","North","Camp","Nature","Amarnath base","Amarnath Yatra base camp high meadow glacier views pony rides camping pilgrimage start panoramic mountains,sacred","base","pilgrimage","Jun-Aug","Morning","2","100","4.4","Medium","Yes","Medium","Medium","High","34.2167","75.4167","Srinagar Intl","Baltal Rd","Yatra ponies; glacier view","Yatra kheer","8.9","8.7","Medium","Cold","Yatra start","Recommended"
"IND261","Chopta","Ukhimath","Uttarakhand","North","Hill Station","Nature","Mini Switzerland","Roopkund trek base Tungnath temple alpine meadows rhododendrons panoramic peaks Kedarnath wildlife,alpine","temple","panoramic","Apr-Nov","Morning","3","0","4.6","Medium","Yes","Medium","High","High","30.4833","79.1000","Jolly Grant","Haridwar","Roopkund base; rhododendron","Kumaoni thali","9.1","8.9","High","Cool","Rhododendron trail","Recommended"
"IND262","Tungnath","Ukhimath","Uttarakhand","North","Temple","Spiritual","Highest Shiva temple","Highest Shiva temple 12,800ft Chandrashila peak trek panoramic Bandarpoonch peaks alpine flowers temple complex,celestial","highest","spiritual","May-Oct","Morning","3","0","4.7","Low","Yes","Medium","High","High","30.4833","79.2000","Jolly Grant","Chopta Rd","Trek 3.5km; Chandrashila summit","Bali ka khana","9.2","9.0","Medium","Cool","Temple panorama","Recommended"
"IND263","Chandrashila","Ukhimath","Uttarakhand","North","Peak","Nature","Sunrise peak","13,000ft peak 360 Himalayan panorama sunrise views Nanda Devi peaks alpine flowers trekking culmination,panoramic","sunrise","360","May-Oct","Dawn","1","0","4.8","Low","Yes","High","Low","High","30.5167","79.2167","Jolly Grant","Ukhimath Rd","Sunrise trek; 360 panorama","Sunrise tea","9.3","9.1","High","Cold","Sunrise Himalayas","Recommended"
"IND264","Kausani Tea Estate","Kausani","Uttarakhand","North","Plantation","Nature","Tea country","Trishul Nanda Devi views rolling tea gardens Anashakti Ashram Gandhi stayed panoramic tea estate walks,panoramic","fragrant","Gandhian","Apr-Nov","Morning","3","0","4.6","Low","Yes","Low","Medium","High","29.8500","79.6000","Pantnagar Airport","Haldwani","Kausani tea; Ashram visit","Gandhi ka dhaba","9.0","8.8","High","Cool","Tea panorama","Recommended"
"IND265","Rudradhari Falls","Ranikhet","Uttarakhand","North","Waterfall","Nature","Jhula bridge","Cascading falls Jhula bridge picnic spot amidst pine deodar forests KMVN tourist complex serene Kumaon hills,cascading","pine","bridged","Apr-Nov","Morning","2","0","4.4","Low","Yes","Low","Low","High","29.6167","79.4333","Pantnagar Airport","Ranikhet Rd","Jhula bridge; picnic","Bhotia thali","8.9","8.7","Medium","Cool","Fall symphony","Recommended"
"IND266","Bhowali","Bhowani","Uttarakhand","North","Hill Station","Nature","Fruit orchards","Fruit orchards TB sanatorium aerial ropeway Naini Lake nearby Kumaon hill station orchard walks fresh fruit,fruity","ropeway","orchard","Apr-Nov","Morning","2","0","4.3","Low","Yes","Low","Low","High","29.4000","79.5833","Pantnagar Airport","Bhowali Rd","Ropeway; orchard fresh","Bhowali plum","8.8","8.6","High","Cool","Fruit picking","Optional"
"IND267","Mukteshwar","Mukteshwar","Uttarakhand","North","Hill Station","Nature","Chauli ki Jali","Rock climbing cliff jumping 224 steps Mukteshwar Dham temple Kumaon University observatory panoramic orchard views,adventurous","panoramic","observatory","Apr-Nov","Morning","3","0","4.5","Medium","Yes","Medium","Medium","High","29.4667","79.6500","Pantnagar Airport","Mukteshwar Rd","Chauli Jali; observatory visit","Kumaoni kafuli","9.0","8.8","Medium","Cool","Cliff adventure","Recommended"
"IND268","Sattal","Sattal","Uttarakhand","North","Lake","Nature","Seven lakes","Seven interconnected lakes birdwatching boating camps nature walks amidst oak rhododendron forests Nainital nearby,birding","aquatic","forested","Apr-Nov","Morning","3","50","4.6","Low","Yes","Low","Low","High","29.3667","79.3833","Pantnagar Airport","Haldwani","Sattal camps; birding","Birds nest cafe","9.1","8.9","High","Cool","Lake birds","Recommended"
"IND269","Jeolikot","Jeolikot","Uttarakhand","North","Hill Station","Nature","Serene retreat","Tranquil hill station Bhimtal nearby tea gardens fruit orchards nature walks peaceful Kumaon retreat,serene","tea","peaceful","Apr-Nov","Morning","2","0","4.4","Low","Yes","Low","Low","High","29.5333","79.5667","Pantnagar Airport","Jeolikot Rd","Nature walks; tea gardens","Jeolikot tea","8.9","8.7","Medium","Cool","Serene walks","Optional"
"IND270","Kilbury","Kilbury","Uttarakhand","North","Forest","Nature","Wildlife sanctuary","Kilbury forest rest house leopard sightings pine deodar forests KMVN property panoramic orchard views wildlife,pristine","wild","pine","Apr-Nov","Morning","2","0","4.5","Low","Yes","Medium","Medium","High","29.4833","79.5667","Pantnagar Airport","Haldwani Rd","Forest rest house; leopard spotting","Forest thali","9.0","8.8","High","Cool","Wild nights","Recommended"
"IND271","Auli","Auli","Uttarakhand","North","Ski Resort","Nature","Ski paradise","Asia longest cable car Nanda Devi Trishul panorama skiing 3,000m-5,000m snowfields summer treks Auli artificial lake","alpine","skiing","panoramic","Dec-Apr Winter","3","500","4.8","Low","Yes","High","Low","High","30.5333","79.5667","Jolly Grant","Haridwar","Cable car; skiing","Nanda Devi cafe","9.3","9.1","High","Cold","Snow slopes","Must Visit"
"IND272","Gorson Bugyal","Auli","Uttarakhand","North","Meadow","Nature","High altitude","Trek meadow panoramic peaks rhododendron flowers alpine camps Gorson top views Nanda Devi sanctuary,alpine","wildflower","panoramic","May-Oct","Morning","4","0","4.7","Low","Yes","High","Low","High","30.5833","79.5833","Jolly Grant","Joshimath Rd","Trek camping; rhododendrons","Gorson maggi","9.2","9.0","Medium","Cool","Bugyal flowers","Recommended"
"IND273","Chenab Lake","Chenab","Uttarakhand","North","Lake","Nature","High glacial","High altitude glacial lake amidst alpine flowers rocky moraines pristine Kuari Pass trek section untouched beauty,pristine","glacial","alpine","Jul-Sep","Morning","5","0","4.6","Low","Yes","Medium","Low","High","30.5833","79.5833","Jolly Grant","Auli Rd","Trek only; pristine lake","Kuari pass thali","9.1","8.9","High","Cold","Lake mirror","Recommended"
"IND274","Kuari Pass","Kuari","Uttarakhand","North","Pass","Nature","Classic trek","Classic winter trek panoramic meadows Ali Bugyal peak views Joshimath Tapovan alpine flowers camps Kuari top panorama,classic","alpine","winter","Dec-Apr","Morning","6","0","4.7","Low","Yes","High","Medium","High","30.4167","79.6667","Jolly Grant","Joshimath","Winter trek; Ali Bugyal","Kuari camps","9.2","9.0","High","Cold","Pass panorama","Recommended"
"IND275","Tapovan","Tapovan","Uttarakhand","North","Hermitage","Spiritual","Hermitage trek","Nanda Devi base camp hermitage hot springs meditation caves alpine meadows spiritual trek tranquility,spiritual","hermitage","alpine","May-Oct","Morning","4","0","4.6","Low","Yes","Medium","High","High","30.5333","79.7000","Jolly Grant","Joshimath Rd","Meditation; hot springs","Nanda Devi retreat","9.1","8.9","Medium","Cool","Spiritual trek","Recommended"
"IND276","Valley of Flowers","Valley of Flowers","Uttarakhand","North","Valley","Nature","UNESCO floral","UNESCO floral paradise 300+ alpine flowers rare orchids Pushpawati river rare birds monsoon riot colors,wildflower","UNESCO","rare","Jul-Sep","Morning","6","150","4.9","Low","Yes","High","Low","High","30.7333","79.6000","Jolly Grant","Govindghat Rd","Flower ID book; Hemkund trek","Flower thali","9.5","9.3","High","Cool","Flower explosion","Must Visit"
"IND277","Hemkund Sahib","Hemkund","Uttarakhand","North","Gurdwara","Spiritual","Sikh shrine","15,200ft glacial lake Sikh shrine Guru Gobind Singh meditated 7 mile trek Valley of Flowers glacial lake Sikh pilgrimage,celestial","sacred","glacial","Jun-Oct","Morning","6","0","4.8","Medium","Yes","Medium","High","High","30.7167","79.6333","Jolly Grant","Gobindghat Rd","Sikh yatra; tough trek","Langar","9.4","9.2","Medium","Cold","Sikh pilgrimage","Must Visit"
"IND278","Sapru Van","Auli","Uttarakhand","North","Forest","Nature","Deodar forest","Deodar pine forest Nanda Devi view wildlife sanctuary trekking trails serene forest walks amidst Himalayan foothills,serene","forested","panoramic","Apr-Nov","Morning","3","0","4.5","Low","Yes","Medium","Medium","High","30.5333","79.5667","Jolly Grant","Auli Rd","Forest walks; wildlife","Bhim puli","9.0","8.8","High","Cool","Forest serenity","Recommended"
"IND279","Badrinath Temple","Badrinath","Uttarakhand","North","Temple","Spiritual","Char Dham","Ancient Badri Vishal temple amidst snow peaks Alaknanda river hot sulphur springs eternal snow eternal faith,pilgrimage","snowy","ancient","May-Nov","Morning","2","0","4.9","High","Yes","Low","High","Low","30.7500","79.5000","Jolly Grant","Badrinath Rd","Yatra season; Tapt Kund","Badrinath laddoo","9.6","9.4","High","Cold","Char Dham","Must Visit"
"IND280","Mana Village","Mana","Uttarakhand","North","Village","Culture","Last village","Last Indian village near Indo-Tibet border Bhim Pul Vyas cave Ganesh Parbat Vasudhara falls Bhotia culture,border","last","Bhotia","May-Nov","Morning","2","0","4.6","Medium","Yes","Low","High","Medium","30.7667","79.4833","Jolly Grant","Mana Rd","Bhim Pul; Vasudhara trek","Bhotia thali","9.1","8.9","Medium","Cold","Last frontier","Recommended"
"IND281","Roopkund Lake","Roopkund","Uttarakhand","North","Lake","Nature","Mystery lake","Skeleton lake 16,000ft high altitude glacial lake human skeletons alpine flowers Bedni Bugyal trek mystery,mysterious","skeletal","alpine","Jun-Oct","Morning","7","0","4.8","Low","Yes","High","Low","High","30.2667","79.7333","Jolly Grant","Wan Rd","Trek permits; skeleton mystery","Wan village food","9.3","9.1","High","Cold","Skeleton lake","Must Visit"
"IND282","Bedni Bugyal","Roopkund","Uttarakhand","North","Meadow","Nature","High meadow","12,000ft alpine meadow panoramic Trishul Nanda Ghunti alpine flowers camps trek Roopkund mystery meadows,wildflower","alpine","panoramic","Jun-Oct","Morning","4","0","4.7","Low","Yes","Medium","Low","High","30.2667","79.7333","Jolly Grant","Wan Rd","Camping; Trishul views","Bugyal camps","9.2","9.0","Medium","Cool","Bugyal panorama","Recommended"
"IND283","Ali Bugyal","Ali","Uttarakhand","North","Meadow","Nature","Giant meadow","Giant alpine meadow 360 Himalayan panorama rhododendron flowers shepherd huts Kuari Pass trek vastness,oak","rhododendron","360","May-Oct","Morning","5","0","4.6","Low","Yes","High","Low","High","30.4167","79.6667","Jolly Grant","Tapovan Rd","Trek camping; rhododendrons","Ali maggi","9.1","8.9","High","Cool","Giant meadow","Recommended"
"IND284","Khaliya Top","Khaliya","Uttarakhand","North","Peak","Nature","Milam views","11,500ft top panoramic Milam glacier Panchachuli peaks alpine flowers camping shepherd trails Kumaon Himalaya,panoramic","alpine","shepherd","May-Oct","Morning","4","0","4.5","Low","Yes","High","Low","High","30.3167","80.1833","Pithoragarh Airport","Munsiyari Rd","Camping; Panchachuli","Munsiyari thali","9.0","8.8","Medium","Cool","Peak panorama","Recommended"
"IND285","Ralam Glacier","Ralam","Uttarakhand","North","Glacier","Nature","Mountaineering","High glacial base Ralam peak Ralam valley mountaineering base camp alpine flowers pristine Kumaon Himalaya,glacial","mountaineering","pristine","Jul-Sep","Morning","6","0","4.7","Low","No","High","Medium","High","30.3333","80.4167","Pithoragarh Airport","Milam Rd","Technical climb; base camp","Ralam camps","9.2","9.0","High","Cold","Glacier base","Recommended"
"IND286","Milam Glacier","Milam","Uttarakhand","North","Glacier","Nature","Longest glacier","Kumaon longest glacier 15km high altitude base camps mountaineering Indo-Tibet border stark beauty,longest","alpine","border","Jul-Sep","Morning","7","0","4.8","Low","No","High","Medium","High","30.3167","80.2333","Pithoragarh Airport","Munsiyari Rd","Permit needed; mountaineering","Milam yak cheese","9.3","9.1","High","Cold","Glacier trek","Recommended"
"IND287","Nanda Devi East Base","Nanda Devi","Uttarakhand","North","Base Camp","Nature","Sanctuary base","Nanda Devi East base camp alpine meadows rare flowers wildlife sanctuary Lata village trek spiritual,pristine","rare","sanctuary","Jun-Oct","Morning","6","0","4.7","Low","Yes","High","High","High","30.6167","79.9667","Jolly Grant","Lata village Rd","Lata homestay; sanctuary trek","Sanctuary thali","9.2","9.0","Medium","Cool","Nanda Devi base","Recommended"
"IND288","Dubla Top","Dubla","Uttarakhand","North","Peak","Nature","Trek peak","High trek peak panoramic Pithoragarh valley Soar valley alpine flowers camping Kumaon Himalaya views,panoramic","alpine","trek","May-Oct","Morning","5","0","4.6","Low","Yes","High","Low","High","29.5833","80.3333","Pithoragarh Airport","Dubla Rd","Camping; valley views","Dubla maggi","9.1","8.9","High","Cool","Summit views","Recommended"
"IND289","Pangoria Top","Pangoria","Uttarakhand","North","Peak","Nature","Ralam views","High meadow peak Ralam valley views alpine flowers shepherd trails camping panoramic Kumaon highland,meadow","panoramic","shepherd","Jun-Sep","Morning","4","0","4.5","Low","Yes","Medium","Low","High","30.3333","80.4167","Pithoragarh Airport","Munsiyari Rd","Trek camping; shepherd life","Pangoria camps","9.0","8.8","Medium","Cold","Meadow top","Recommended"
"IND290","Om Parvat","Om Parvat","Uttarakhand","North","Mountain","Nature","Snow OM","OM shaped snow peak Kuti temple Indo-Tibet border Kailash Mansarovar route sacred snow peak pilgrimage,celestial","snowy","sacred","Jul-Sep","Morning","7","0","4.7","Low","Yes","High","High","High","30.2667","81.0167","Pithoragarh Airport","Dharchula Rd","Permit needed; OM snow","Kuti temple","9.2","9.0","High","Cold","Snow OM","Recommended"
"IND291","Didina Tal","Didina","Uttarakhand","North","Lake","Nature","High lake","High altitude lake amidst alpine flowers rocky shores pristine meadows camping birdwatching Kumaon Himalaya gem,pristine","alpine","birding","Jul-Sep","Morning","5","0","4.6","Low","Yes","Medium","Low","High","30.3333","80.4167","Pithoragarh Airport","Ralam Rd","Trek camping; birdwatching","Tal trout","9.1","8.9","Medium","Cold","Lake serenity","Recommended"
"IND292","Sipu Lake","Sipu","Uttarakhand","North","Lake","Nature","Secret lake","Hidden high altitude lake alpine flowers crystal waters camping pristine meadows Kuari Pass area untouched beauty,secret","crystal","hidden","Jul-Sep","Morning","6","0","4.5","Low","Yes","High","Low","High","30.4167","79.6667","Jolly Grant","Auli Rd","Trek only; pristine lake","Sipu camps","9.0","8.8","High","Cold","Secret gem","Recommended"
"IND293","Khaliya Top (Cont.)","Khaliya","Uttarakhand","North","Peak","Nature","Panchachuli panorama","11,500ft Panchachuli panorama alpine flowers camping Kumaon Himalaya trek summit views meadows,panoramic","wildflower","trek","May-Oct","Morning","4","0","4.6","Low","Yes","High","Low","High","30.3167","80.1833","Pithoragarh Airport","Munsiyari Rd","Camping; flower carpet","Munsiyari maggi","9.1","8.9","High","Cool","Panchachuli","Recommended"
"IND294","Rishikesh","Laxman Jhula","Rishikesh","Uttarakhand","North","Yoga Capital","Spiritual","Yoga hub,Laxman Jhula Ram Jhula Ganga aarti Beatles Ashram rafting yoga retreats spiritual tourism confluence,holy","spiritual","rafting","Year-round","Evening","3","0","4.7","High","Yes","Medium","High","Medium","30.1167","78.3167","Jolly Grant","Haridwar","Rafting; Ganga aarti","Lassi","9.2","9.0","High","Tropical","Aarti magic","Must Visit"
"IND295","Neelkanth Mahadev","Neelkanth","Rishikesh","Uttarakhand","North","Temple","Spiritual","Samudra manthan,Ancient Shiva temple poison churning legend amidst forests waterfalls caves pilgrimage trek,Rishikesh nearby,powerful","ancient","trek","Apr-Nov","Morning","4","100","4.6","Medium","Yes","Medium","High","High","30.3167","78.5667","Jolly Grant","Narendranagar Rd","Trek 12km; waterfall cave","Neelkanth laddoo","9.1","8.9","Medium","Cool","Poison legend","Recommended"
"IND296","Triveni Ghat","Rishikesh","Uttarakhand","North","Ghat","Spiritual","Ganga Yamuna Saraswati","Confluence ghat evening Ganga aarti sunrise dips spiritual cleansing holy dip ceremonies yoga banks,serene","holy","cleansing","Year-round","Evening","1.5","0","4.5","High","Yes","Low","High","Low","30.1167","78.3000","Jolly Grant","Rishikesh Rd","Aarti; sunrise dip","Ganga prasadam","9.0","8.8","High","Tropical","Triveni aarti","Recommended"
"IND297","Beatles Ashram","Rishikesh","Uttarakhand","North","Ashram","Heritage","White album","Graffiti walls meditation domes Maharishi ashram Beatles recorded White Album spiritual hippie history,iconic","grafitti","spiritual","Year-round","Morning","2","150","4.4","Medium","Yes","Low","High","Medium","30.1333","78.3167","Jolly Grant","Swarg Ashram Rd","Graffiti art; dome views","Israeli falafel","8.9","8.7","Medium","Tropical","Beatles legacy","Recommended"
"IND298","Neer Garh Waterfall","Rishikesh","Uttarakhand","North","Waterfall","Nature","Canyon pool","Canyon waterfall swimming pools cliff jumping amidst forests natural jacuzzi adventure nature spot,adventurous","canyon","swimming","Apr-Nov","Morning","2","200","4.5","Medium","Yes","High","Low","High","30.1667","78.4167","Jolly Grant","Neer Garh Rd","Cliff jump; swimming","Bhel puri","9.0","8.8","High","Tropical","Canyon splash","Recommended"
"IND299","Kaudiyala","Kaudiyala","Uttarakhand","North","Camp","Nature","Rafting camp","Rishikesh rafting camp beach camping bonfire music Ganga views Grade III rapids rafting base adventure hub,camping","rafting","beach","Year-round","Morning","2","0","4.3","Medium","Yes","High","Low","Medium","30.1667","78.3167","Jolly Grant","Kaudiyala Rd","Rafting; beach camp","Rafting thali","8.8","8.6","Medium","Tropical","River camp","Optional"
"IND300","Shivpuri","Shivpuri","Uttarakhand","North","Camp","Nature","Rafting base","Grade III rapids rafting camp forest trails jungle walks Ganga beach camping adventure sports hub Rishikesh,rafting","jungle","beach","Year-round","Morning","3","0","4.4","Medium","Yes","High","Medium","Medium","30.1167","78.3667","Jolly Grant","Shivpuri Rd","Jungle walk; rafting","Shivpuri pakoda","8.9","8.7","High","Tropical","Rapids camp","Recommended"
"IND301","Kempty Falls","Kempty","Uttarakhand","North","Waterfall","Nature","Musical falls","Cascading falls pools cable car musical fountain picnic spot amidst Deodar forests popular Mussoorie excursion,cascading","musical","picnic","Apr-Jun","Morning","2","50","4.3","High","Yes","Low","Low","High","30.4667","78.0833","Jolly Grant","Mussoorie Rd","Cable car; pools","Kempty maggi","8.7","8.5","Medium","Cool","Summer splash","Optional"
"IND302","George Everest House","George Everest","Mussoorie","Uttarakhand","North","Heritage","Surveyor peak","Surveyor General house ruins panoramic Doon valley Mussoorie hills trekking photography heritage site,panoramic","ruined","heritage","Apr-Nov","Morning","2","50","4.5","Low","Yes","Low","High","High","30.5333","77.5333","Jolly Grant","Mussoorie Rd","Trek 2km; panorama","Mussoorie chicken","9.0","8.8","Medium","Cool","Doon panorama","Recommended"
"IND303","Gun Hill","Mussoorie","Uttarakhand","North","Viewpoint","Nature","Highest point","Mussoorie highest point cable car panoramic Doon valley Mussoorie hills sunrise sunset views Tibetan market nearby,panoramic","cable","sunset","Year-round","Sunset","1.5","100","4.6","High","Yes","Low","Low","High","30.4667","78.0667","Jolly Grant","Mussoorie Mall Rd","Cable car; sunset","Balti","9.1","8.9","High","Cool","Sunset hill","Recommended"
"IND304","Camel's Back Road","Mussoorie","Uttarakhand","North","Walking Path","Nature","Sunset walk","3km walking path camel hump rock sunset views colonial bungalows pine forests peaceful strolls,peaceful","sunset","pine","Year-round","Sunset","2","0","4.4","Low","Yes","Low","Low","High","30.4667","78.0667","Jolly Grant","Mussoorie Mall Rd","Sunset stroll; colonial houses","Mussoorie tea","8.9","8.7","Medium","Cool","Colonial walk","Recommended"
"IND305","Lal Tibba","Mussoorie","Uttarakhand","North","Viewpoint","Nature","Highest point","Telescope house highest point Mussoorie panoramic Himalayan peaks Doon valley Mussoorie hills 360 views,360","telescope","panoramic","Year-round","Morning","1","20","4.5","Medium","Yes","Low","Low","High","30.4667","78.0833","Jolly Grant","Landour","360 views; telescope","Strawberry cream","9.0","8.8","High","Cool","Hill panorama","Recommended"
"IND306","Cloud's End","Mussoorie","Uttarakhand","North","Forest","Nature","Forest rest house","Deodar forest rest house trekking trails wildlife sanctuary panoramic valley views colonial bungalow serenity,forested","colonial","panoramic","Apr-Nov","Morning","3","100","4.4","Low","Yes","Medium","Medium","High","30.4667","78.1333","Jolly Grant","Clouds End Rd","Trekking; wildlife","British high tea","8.9","8.7","Medium","Cool","Forest end","Recommended"
"IND307","Jharipani Falls","Jharipani","Mussoorie","Uttarakhand","North","Waterfall","Nature","Hidden falls,Trek waterfall amidst forests pools natural shower picnic spot serene Mussoorie excursion hidden gem,hidden","trek","pools","Apr-Jun","Morning","2","0","4.3","Low","Yes","Low","Low","High","30.4167","78.0833","Jolly Grant","Jharipani Rd","Trek 2km; natural shower","Rock salt pakoda","8.8","8.6","High","Cool","Fall trek","Optional"
"IND308","Mussoorie Lake","Mussoorie","Uttarakhand","North","Lake","Nature","Boating lake","Artificial lake boating paddle boats musical fountain kids rides family picnic spot Mall Road nearby,family","boating","musical","Year-round","Morning","1.5","30","4.2","Medium","Yes","Low","Low","Medium","30.4667","78.0667","Jolly Grant","Mussoorie Mall Rd","Paddle boats; kids rides","Corn bhel","8.7","8.5","Medium","Cool","Lake family","Optional"
"IND309","Company Garden","Mussoorie","Uttarakhand","North","Garden","Nature","Flower garden","Flower exhibition orchids roses boating pool aquarium kids rides picnic spot summer flower carnival,floral","kids","aquarium","Apr-Jun","Morning","2","20","4.3","Medium","Yes","Low","Low","High","30.4667","78.0667","Jolly Grant","Hathipaon Rd","Flower show; boating","Flower salad","8.6","8.4","Medium","Cool","Summer blooms","Optional"
"IND310","Kempty Falls (Cont.)","Kempty","Uttarakhand","North","Waterfall","Nature","Popular falls","Cable car musical fountain pools shops amidst Deodar forests summer picnic Mussoorie day trip favorite,cascading","popular","picnic","Apr-Jun","Morning","2","50","4.4","High","Yes","Low","Low","High","30.4667","78.0833","Jolly Grant","Kempty Rd","Cable car; pools","Maggi pakoda","8.9","8.7","High","Cool","Splash fun","Recommended"
"IND311","Landour Bakehouse","Landour","Mussoorie","Uttarakhand","North","Bakery","Food","Ruskin Bond,Ruskin Bond favorite high altitude bakery cookies brownies colonial charm Landour walk stop nostalgic,delicious","colonial","nostalgic","Year-round","Morning","1","0","4.5","Low","Yes","Low","Medium","Low","30.4667","78.0833","Jolly Grant","Landour Bazaar","Cookies; Ruskin trail","Brownies","9.2","9.0","Medium","Cool","Bond nostalgia","Recommended"
"IND312","Sister's Bazaar","Landour","Mussoorie","Uttarakhand","North","Market","Shopping","Colonial market,Quaint colonial market Tibetan handicrafts bakery cafes heritage walk Ruskin Bond neighborhood authentic Landour,quaint","Tibetan","colonial","Year-round","Morning","1.5","0","4.4","Low","Yes","Low","Medium","Low","30.4667","78.0833","Jolly Grant","Landour Rd","Handicrafts; cafe hop","Tibetan momo","8.9","8.7","High","Cool","Colonial charm","Recommended"
"IND313","Char Dukan","Landour","Mussoorie","Uttarakhand","North","Shop","Food","Iconic shops,Four iconic shops Ruskin Bond hangout buns patties tea colonial era nostalgic Landour walk must stop,iconic","nostalgic","colonial","Year-round","Morning","1","0","4.6","Low","Yes","Low","Medium","Low","30.4667","78.0833","Jolly Grant","Landour","Patty burger; Bond spot","Landour bun","9.3","9.1","Medium","Cool","Bond dukan","Recommended"
"IND314","Pratt's Hotel","Landour","Mussoorie","Uttarakhand","North","Hotel","Heritage","Oldest hotel,1841 oldest hotel British officers Ruskin Bond favorite heritage property colonial architecture Landour charm,historic","colonial","literary","Year-round","Afternoon","1","0","4.5","Low","Yes","Low","High","Low","30.4667","78.0833","Jolly Grant","Landour Bazaar","High tea; history","High tea","9.1","8.9","Medium","Cool","Colonial stay","Recommended"
"IND315","Ruskin Bond Walk","Landour","Mussoorie","Uttarakhand","North","Walking Path","Literary","Literary trail,Ruskin Bond literary trail Landour churches bakeries shops writer's neighborhood walking tour literary pilgrimage,literary","nostalgic","walking","Year-round","Morning","2","0","4.7","Low","Yes","Low","High","Low","30.4667","78.0833","Jolly Grant","Landour Rd","Bond trail; self guided","Ruskin lassi","9.2","9.0","High","Cool","Literary walk","Must Visit"
"IND316","Kainchi Dham","Nainital","Uttarakhand","North","Ashram","Spiritual","Neem Karoli Baba","Neem Karoli Baba ashram Hanuman temple Steve Jobs Mark Zuckerberg visited serene meditation peaceful valley setting,spiritual","serene","celestial","Year-round","Morning","2","0","4.6","Low","Yes","Low","High","Medium","29.3833","79.5333","Pantnagar Airport","Bhowali Rd","Meditation; Hanuman darshan","Prasad","9.1","8.9","Medium","Cool","Baba ashram","Recommended"
"IND317","Sattal (Cont.)","Sattal","Uttarakhand","North","Lake","Nature","Bird paradise","Seven lakes birdwatching paradise migratory birds boating camps nature trails oak forests Nainital nearby,birding","migratory","aquatic","Oct-Mar","Morning","3","50","4.6","Low","Yes","Low","High","High","29.3667","79.3833","Pantnagar Airport","Sattal Rd","Bird checklist; boating","Sattal trout","9.1","8.9","High","Cool","Bird symphony","Recommended"
"IND318","Naukuchiatal","Naukuchiatal","Uttarakhand","North","Lake","Nature","Nine cornered lake","Deep lake boating adventure sports paragliding camping Hanuman temple amidst hills popular Nainital excursion,aquatic","adventurous","deep","Year-round","Morning","2","50","4.5","Medium","Yes","Medium","Low","High","29.3167","79.6000","Pantnagar Airport","Naukuchiatal Rd","Paragliding; boating","Naukuchi fish","9.0","8.8","Medium","Cool","Lake adventure","Recommended"
"IND319","Bhimtal","Bhimtal","Uttarakhand","North","Lake","Nature","Largest lake","Kumaon largest lake Bhimtal lake aquarium island temple boating adventure park butterfly museum Nainital nearby,aquatic","butterfly","island","Year-round","Morning","2","30","4.4","Medium","Yes","Low","Low","High","29.3500","79.5500","Pantnagar Airport","Bhimtal Rd","Aquarium; boating","Bhimtal prawns","8.9","8.7","Medium","Cool","Lake butterfly","Recommended"
"IND320","Nainital Zoo","Nainital","Uttarakhand","North","Zoo","Wildlife","Hill zoo","Hill zoo Himalayan bear clouded leopard snow leopard red panda educational walks forested setting conservation focus,wildlife","forested","educational","Apr-Jun","Morning","2","50","4.5","Medium","Yes","Medium","Medium","High","29.3833","79.4667","Pantnagar Airport","Nainital Rd","Bear feeding; conservation","Nainital thali","9.0","8.8","High","Cool","Hill wildlife","Recommended"
"IND321","Naina Devi Temple","Nainital","Uttarakhand","North","Temple","Spiritual","Lake temple","Naina Devi temple on lake shore spiritual serene ropeway nearby Golu Devta temple Nainital spiritual heart,serene","spiritual","lakeside","Year-round","Morning","1.5","0","4.4","Medium","Yes","Low","High","Low","29.3833","79.4667","Pantnagar Airport","Nainital Lake Rd","Ropeway; aarti","Naina prasadam","8.9","8.7","Medium","Cool","Lake temple","Recommended"
"IND322","Nainital Lake","Nainital","Uttarakhand","North","Lake","Nature","Pear shaped lake","Pear shaped lake boating paddle boats yacht house Tibetan market mall road backdrop family boating cruises,aquatic","family","Tibetan","Year-round","Morning","2","100","4.6","High","Yes","Low","Low","Medium","29.3833","79.4667","Pantnagar Airport","Nainital Mall Rd","Paddle boats; cruises","Nainital momo","9.1","8.9","High","Cool","Lake boating","Must Visit"
"IND323","Tibetan Market","Nainital","Uttarakhand","North","Market","Shopping","Bargain market","Woolens handicrafts carpets Tibetan food bustling market lake view Mall Road shopping carnival atmosphere,bustling","Tibetan","bargain","Year-round","Morning","2","0","4.5","High","Yes","Low","Medium","Low","29.3833","79.4667","Pantnagar Airport","Nainital Mall Rd","Bargain; woolens","Tibetan thukpa","9.0","8.8","Medium","Cool","Market buzz","Recommended"
"IND324","Mall Road","Nainital","Uttarakhand","North","Market","Shopping","Flats promenade","Flats promenade shops cafes boating view Mallital Tallital colonial buildings evening strolls Nainital heart,bustling","colonial","promenade","Year-round","Evening","2","0","4.6","High","Yes","Low","Medium","Low","29.3833","79.4667","Pantnagar Airport","Nainital Mall Rd","Evening stroll; shops","Nainital chocolate","9.2","9.0","High","Cool","Mall magic","Recommended"
"IND325","Snow View Point","Nainital","Uttarakhand","North","Viewpoint","Nature","Ropeway point","Aerial ropeway point Himalayan panorama Naina Peak views Tibetan monastery snow capped peaks winter wonderland,panoramic","ropeway","snowy","Year-round","Morning","1.5","150","4.7","Medium","Yes","Low","Low","High","29.4167","79.4667","Pantnagar Airport","Nainital Rd","Ropeway; monastery","Nainital tea","9.3","9.1","Medium","Cool","Snow panorama","Recommended"
"IND326","Eco Cave Garden","Nainital","Uttarakhand","North","Cave Garden","Nature","Cave garden","Interconnected natural caves Hanuman temple musical fountain kids park picnic spot forested garden,adventurous","musical","caves","Year-round","Morning","2","60","4.4","Medium","Yes","Medium","Low","High","29.3833","79.4667","Pantnagar Airport","Khurpatal Rd","Caves explore; fountain","Eco cave pakoda","8.9","8.7","Medium","Cool","Cave kids","Recommended"
"IND327","Zoo Garden","Nainital","Uttarakhand","North","Zoo","Wildlife","Hill zoo","Hill zoo conservation education Himalayan fauna forested setting walks educational signage kids favorite,educational","forested","kids","Apr-Jun","Morning","2","50","4.5","Medium","Yes","Medium","Medium","High","29.3833","79.4667","Pantnagar Airport","Nainital Upper Mall","Conservation walk; animals","Nainital lassi","9.0","8.8","High","Cool","Zoo education","Recommended"
"IND328","High Altitude Zoo","Nainital","Uttarakhand","North","Zoo","Wildlife","Conservation zoo","Snow leopard conservation red panda Himalayan bear educational signage forested hill zoo biodiversity focus,conservation","snow","forested","Apr-Jun","Morning","2","60","4.6","Medium","Yes","Medium","High","High","29.3833","79.4667","Pantnagar Airport","Snow View Rd","Snow leopard; education","Zoo thali","9.1","8.9","Medium","Cool","High altitude","Recommended"
"IND329","Land's End","Nainital","Uttarakhand","North","Viewpoint","Nature","Panoramic point","Panoramic point overlooking Nainital lake hills forests sunset views trekking trails forested edge,panoramic","sunset","forested","Year-round","Sunset","2","20","4.5","Low","Yes","Low","Low","High","29.3833","79.5000","Pantnagar Airport","Matkota Rd","Sunset trek; panorama","Sunset tea","9.0","8.8","High","Cool","Lands end view","Recommended"
"IND330","Tiffin Top","Nainital","Uttarakhand","North","Peak","Nature","Dorothy seat","Dorothy seat peak panoramic views trekking trails pine forests Nainital hills sunrise sunset point,panoramic","trekking","pine","Year-round","Morning","3","0","4.4","Low","Yes","Medium","Low","High","29.3833","79.5000","Pantnagar Airport","Ayun Rd","Trek 3km; Dorothy seat","Ayun maggi","8.9","8.7","Medium","Cool","Top panorama","Recommended"
"IND331","Hariyali Devi Temple","Hariyali","Nainital","Uttarakhand","North","Temple","Spiritual","Forest temple,Forest temple amidst pine forests panoramic views spiritual serene temple complex Nainital excursion,serene","forested","spiritual","Year-round","Morning","2","0","4.3","Low","Yes","Low","High","Medium","29.3833","79.5000","Pantnagar Airport","Sukhatal Rd","Forest walk; temple darshan","Forest prasadam","8.8","8.6","Medium","Cool","Forest divinity","Optional"
"IND332","Hanuman Garhi","Hanuman Garhi","Nainital","Uttarakhand","North","Temple","Spiritual","Hill temple,Hilltop Hanuman temple 335 steps panoramic lake views sunrise point temple complex spiritual climb,panoramic","spiritual","sunrise","Year-round","Sunrise","2","0","4.5","Medium","Yes","Medium","High","High","29.3833","79.4667","Pantnagar Airport","Upper Mall Rd","335 steps; sunrise","Laddoo","9.0","8.8","Medium","Cool","Hill Hanuman","Recommended"
"IND333","Naina Peak","Nainital","Uttarakhand","North","Peak","Nature","China Peak","Chel Chet highest point Nainital 360 Himalayan panorama trekking trails pine forests sunrise point,360","highest","trekking","Year-round","Morning","4","50","4.6","Low","Yes","High","Low","High","29.3833","79.4667","Pantnagar Airport","Naina Rd","Trek 5km; 360 views","Naina maggi","9.1","8.9","High","Cool","Peak panorama","Recommended"
"IND334","Sarso Meadow","Sarso","Nainital","Uttarakhand","North","Meadow","Nature","High meadow,High alpine meadow panoramic peaks wildflowers camping shepherd huts trekking trail Nainital highland,alpine","wildflower","shepherd","May-Oct","Morning","4","0","4.5","Low","Yes","Medium","Low","High","29.3833","79.5000","Pantnagar Airport","Sarso Rd","Camping; flowers","Sarso camps","9.0","8.8","Medium","Cool","Meadow high","Recommended"
"IND335","Kilbury Forest","Kilbury","Nainital","Uttarakhand","North","Forest","Nature","Wildlife forest,Kilbury forest rest house leopard sightings pine forests KMVN property panoramic views wildlife sanctuary,pristine","wild","pine","Apr-Nov","Morning","3","100","4.6","Low","Yes","Medium","Medium","High","29.4833","79.5667","Pantnagar Airport","Kilbury Rd","Forest house; leopard spotting","Forest veg thali","9.1","8.9","High","Cool","Wild forest","Recommended"
"IND336","Dehradun Robber's Cave","Dehradun","Uttarakhand","North","Cave","Nature","Sahastradhara cave","Natural cave river stream through cave picnic spot waterfall pools trekking amidst forests Dehradun excursion,mysterious","aquatic","trekking","Year-round","Morning","2","50","4.4","Medium","Yes","Medium","Low","High","30.4833","78.0333","Jolly Grant","Dehradun Jn","Cave stream; picnic","Dehradun momo","8.9","8.7","Medium","Tropical","Cave river","Recommended"
"IND337","Tapovan","Dehradun","Uttarakhand","North","Ashram","Spiritual","Ancient ashram","Ancient Shiva temple Ganga pond amidst forests trekking trails meditation serene spiritual Dehradun retreat,spiritual","serene","forested","Year-round","Morning","2","0","4.5","Low","Yes","Low","High","Medium","30.3167","78.0333","Jolly Grant","Tapovan Rd","Meditation; Ganga pond","Prasad","9.0","8.8","Medium","Tropical","Tapovan peace","Recommended"
"IND338","Malsi Deer Park","Dehradun","Uttarakhand","North","Park","Wildlife","Deer park","Deer park peafowl Himalayan bear picnic boating children's park forested setting wildlife conservation,family","wildlife","forested","Year-round","Morning","2","30","4.3","Medium","Yes","Medium","Medium","High","30.5167","78.1333","Jolly Grant","Malsi Rd","Deer feeding; boating","Kids park thali","8.8","8.6","Medium","Tropical","Deer picnic","Optional"
"IND339","Sahastradhara","Sahastradhara","Uttarakhand","North","Spring","Nature","Sulphur spring","Sulphur spring waterfalls picnic ropeway cave adventure pools skin healing properties forested canyon,healing","waterfall","canyon","Year-round","Morning","2","100","4.5","Medium","Yes","Medium","Low","High","30.8667","78.1833","Jolly Grant","Sahastradhara Rd","Ropeway; sulphur bath","Skin food","9.0","8.8","High","Tropical","Sulphur splash","Recommended"
"IND340","Paltan Bazaar","Dehradun","Uttarakhand","North","Market","Shopping","Bustling bazaar","Bustling bazaar Tibetan market sweets shops street food colonial buildings evening shopping carnival Dehradun heart,bustling","Tibetan","sweets","Year-round","Evening","2","0","4.4","High","Yes","Low","Medium","Low","30.3167","78.0333","Jolly Grant","Dehradun Clock Tower","Bargain; street food","Momo jalebi","8.9","8.7","Medium","Tropical","Bazaar buzz","Recommended"
"IND341","Forest Research Institute","Dehradun","Uttarakhand","North","Museum","Heritage","Greco Roman","Greco-Roman architecture forestry museum 450ha campus six museums research labs panoramic Doon valley,historic","architectural","forestry","Year-round","Morning","2","50","4.6","Medium","Yes","Low","High","High","30.3167","78.0667","Jolly Grant","Dehradun Jn","Museum tour; architecture","FRI cafeteria","9.1","8.9","Medium","Tropical","Greco campus","Recommended"
"IND342","Mindrolling Monastery","Dehradun","Uttarakhand","North","Monastery","Spiritual","Tibetan largest","World's largest statue of Guru Padmasambhava Tibetan Buddhist monastery meditation prayer wheels cultural shows,spiritual","majestic","Tibetan","Year-round","Morning","3","0","4.7","Medium","Yes","Low","High","Medium","30.2833","78.1833","Jolly Grant","Clement Town Rd","Statue; meditation","Tibetan thali","9.2","9.0","Medium","Tropical","Buddhist peace","Recommended"
"IND343","Harrawala","Sahaspur","Uttarakhand","North","Temple","Spiritual","Ancient temple","Ancient temple amidst forests spiritual serene Dehradun excursion peaceful worship forested setting,serene","forested","ancient","Year-round","Morning","1.5","0","4.3","Low","Yes","Low","High","Medium","30.3833","78.0333","Jolly Grant","Harrawala Rd","Forest temple; peace","Panchshul thali","8.8","8.6","Medium","Tropical","Forest worship","Optional"
"IND344","Lacchiwala","Lacchiwala","Uttarakhand","North","Lake","Nature","Nature park","Lake boating picnic birdwatching forested park artificial lake family picnic spot Dehradun nearby,aquatic","family","forested","Year-round","Morning","2","30","4.4","Medium","Yes","Low","Low","High","30.3167","78.1333","Jolly Grant","Lacchiwala Rd","Boating; birdwatching","Lacchiwala fish","8.9","8.7","Medium","Tropical","Lake picnic","Recommended"
"IND345","Asan Barrage","Asan","Uttarakhand","North","Barrage","Nature","Bird sanctuary","Barrage lake migratory birds boating birdwatching picnic wetlands conservation Asan conservation reserve,avian","wetland","migratory","Nov-Mar","Morning","2","50","4.5","Low","Yes","Low","High","High","30.3167","77.6833","Jolly Grant","Doon Cantonment Rd","Birdwatching; boating","Barrage tea","9.0","8.8","High","Tropical","Bird barrage","Recommended"
"IND346","Har Ki Dun","Har Ki Dun","Uttarakhand","North","Valley","Nature","Paradise valley","Ancient Swargarohini peak Pandavas legend alpine meadows Osla village base camp Jaundhar glacier trek,legendary","alpine","ancient","May-Oct","Morning","7","0","4.8","Low","Yes","High","High","High","31.0833","78.4167","Jolly Grant","Purola Rd","Osla homestay; Pandava legend","Ruinsara thali","9.3","9.1","High","Cool","Paradise trek","Must Visit"
"IND347","Ruinsara Lake","Ruinsara","Uttarakhand","North","Lake","Nature","High lake","High altitude lake amidst alpine flowers base camps trekking meadows Har Ki Dun valley pristine glacial lake,pristine","alpine","glacial","Jul-Sep","Morning","6","0","4.7","Low","Yes","Medium","Low","High","31.0833","78.4167","Jolly Grant","Taluka Rd","Camping; flowers","Ruinsara trout","9.2","9.0","Medium","Cold","Lake mirror","Recommended"
"IND348","Borasu Pass","Borasu","Uttarakhand","North","Pass","Nature","High pass","Gangotri Yamunotri transborder pass high meadows alpine flowers challenging trek base camps panoramic peaks,transborder","alpine","challenging","Jul-Sep","Morning","8","0","4.6","Low","No","High","Medium","High","31.0833","78.5833","Jolly Grant","Gangotri Rd","Technical trek; high pass","Borasu camps","9.1","8.9","High","Cold","Pass crossing","Recommended"
"IND349","Yamunotri Temple","Yamunotri","Uttarakhand","North","Temple","Spiritual","Char Dham","Yamunotri source temple Surya Kund hot spring Divya Shila rock Yamuna origin pilgrimage amidst snow peaks,sacred","source","hot","May-Nov","Morning","2","300","4.8","High","Yes","Low","High","Low","31.0167","78.4333","Jolly Grant","Yamunotri Rd","Yatra trek; Surya bath","Yamunotri rice","9.4","9.2","Medium","Cold","Char Dham","Must Visit"
"IND350","Saptarishi Kund","Saptarishi","Uttarakhand","North","Kund","Nature","Yamuna source","High altitude lake Yamuna actual source amidst alpine flowers glaciers Saptarishi cave pilgrimage trek sacred origin,source","sacred","alpine","Jun-Sep","Morning","5","0","4.7","Low","Yes","High","High","High","31.0167","78.4500","Jolly Grant","Janki Chatti Rd","Trek 5km; sacred lake","Saptarishi prasad","9.2","9.0","High","Cold","Yamuna origin","Recommended"
"IND351","Gangotri Temple","Gangotri","Uttarakhand","North","Temple","Spiritual","Char Dham","Gaumukh trek base Bhagirathi origin temple amidst snow peaks Ganga as ice cave KEDAR Ganga aarti sacred origin,pilgrimage","snowy","sacred","May-Nov","Morning","2","300","4.9","High","Yes","Low","High","Low","30.9990","78.9381","Jolly Grant","Gangotri Rd","Yatra; Gaumukh trek","Gangotri laddoo","9.6","9.4","High","Cold","Char Dham","Must Visit"
"IND352","Gaumukh Gaumukh","Uttarakhand","North","Glacier","Nature","Ganga source","Bhagirathi glacier snout Ganga actual source 4km trek amidst alpine meadows moraines sacred origin pilgrimage trek","source","glacial","sacred","May-Nov","Morning","4","0","4.8","Medium","Yes","High","High","High","30.9833","79.0667","Jolly Grant","Bhojbasa Rd","Trek 4km; sacred source","Gaumukh maggi","9.4","9.2","Medium","Cold","Ganga birth","Recommended"
"IND353","Tapovan Gangotri","Tapovan","Uttarakhand","North","Hermitage","Spiritual","Yogi hermitage","Yogi meditation caves Bhagirathi views alpine meadows base camps Gaumukh trek spiritual retreat high Himalaya,spiritual","hermitage","alpine","Jun-Oct","Morning","5","0","4.7","Low","Yes","High","High","High","30.9833","79.0833","Jolly Grant","Bhojbasa Rd","Yogi caves; meditation","Tapovan retreat","9.2","9.0","Medium","Cold","Yogi peace","Recommended"
"IND354","Nandanvan","Nandanvan","Uttarakhand","North","Meadow","Nature","Nanda Devi view","Nilkanth peak base alpine meadows Nanda Devi view flowers base camps Nandanvan-Nanda Devi East trek,alpine","panoramic","base","Jul-Sep","Morning","6","0","4.6","Low","Yes","Medium","High","High","30.6167","79.9667","Jolly Grant","Lata Rd","Camping; Nanda view","Nandanvan camps","9.1","8.9","High","Cool","Meadow base","Recommended"
"IND355","Kedartal","Kedartal","Uttarakhand","North","Lake","Nature","Tapovan lake","High altitude lake amidst snow peaks base camps Auden Col trek alpine flowers glacial lake mountaineering base,glacial","alpine","mountaineering","Jul-Sep","Morning","7","0","4.7","Low","No","High","Medium","High","31.0333","78.8500","Jolly Grant","Gangotri Rd","Technical trek; lake base","Kedartal camps","9.2","9.0","High","Cold","Lake base","Recommended"
"IND356","Balisena","Balisena","Uttarakhand","North","Pass","Nature","High pass","Kedarkantha peak base high meadows alpine flowers camping panoramic peaks Har Ki Dun area trek gateway,alpine","wildflower","panoramic","May-Oct","Morning","5","0","4.6","Low","Yes","Medium","Low","High","31.0833","78.4167","Jolly Grant","Sankri Rd","Camping; flowers","Balisena maggi","9.1","8.9","Medium","Cool","Pass meadow","Recommended"
"IND357","Judith Kedarkantha","Judith","Uttarakhand","North","Peak","Nature","Ski peak","12,500ft ski peak winter skiing summer trek panoramic Har Ki Dun valley snowfields alpine flowers","skiing","alpine","panoramic","Dec-Apr Winter","5","0","4.8","Low","Yes","High","Low","High","31.0833","78.4167","Jolly Grant","Sankri Rd","Skiing; trek summit","Kedarkantha camps","9.3","9.1","High","Cold","Snow peak","Must Visit"
"IND358","Harsil","Harsil","Uttarakhand","North","Village","Nature","Apple valley","Apple orchards deodar forests Bhagirathi views Mukhba village Ganges origin trek serene valley Langur monkeys,serene","apple","forested","May-Nov","Morning","3","0","4.7","Low","Yes","Low","Medium","High","31.0333","78.6833","Jolly Grant","Uttarkashi Rd","Apple picking; Langurs","Harsil apple pie","9.2","9.0","Medium","Cool","Apple serenity","Recommended"
"IND359","Mukhba","Mukhba","Uttarakhand","North","Village","Spiritual","Ganga Dussehra","Winter Gangotri base apple orchards Ganga Dussehra celebrations deodar forests serene valley spiritual retreat,serene","spiritual","apple","May-Nov","Morning","2","0","4.6","Low","Yes","Low","High","Medium","31.0333","78.6833","Jolly Grant","Harsil Rd","Ganga Dussehra; apples","Mukhba thali","9.1","8.9","High","Cool","Winter Ganga","Recommended"
"IND360","Dhanaulti","Dhanaulti","Uttarakhand","North","Hill Station","Nature","Eco park","Trekking trails Surkanda Devi potato farm eco park deodar forests Mussoorie quieter alternative panoramic views,serene","forested","eco","Year-round","Morning","3","0","4.5","Medium","Yes","Medium","Medium","High","30.7000","78.2333","Jolly Grant","Chamba Rd","Trekking; eco park","Dhanaulti potato","9.0","8.8","Medium","Cool","Quiet hills","Recommended"
"IND361","Surkanda Devi","Surkanda","Uttarakhand","North","Temple","Spiritual","Temple trek","High temple trek 360 Himalayan panorama Kartik Swasthani fair rhododendron forests spiritual climb,panoramic","spiritual","trek","Apr-Nov","Morning","3","0","4.6","Low","Yes","Medium","High","High","30.6833","78.3000","Jolly Grant","Dhanaulti Rd","Trek 3km; 360 views","Surkanda prasadam","9.1","8.9","Medium","Cool","Temple panorama","Recommended"
"IND362","Amar Niketan Temple","Amar Niketan","Uttarakhand","North","Temple","Spiritual","Ancient temple","Ancient temple amidst deodar forests spiritual serene Dhanaulti excursion peaceful worship forested hills,serene","forested","ancient","Year-round","Morning","1.5","0","4.4","Low","Yes","Low","High","Medium","30.7000","78.2333","Jolly Grant","Dhanaulti Rd","Forest temple; peace","Temple veg thali","8.9","8.7","Medium","Cool","Forest divinity","Optional"
"IND363","Deodar Forest","Deodar","Dhanaulti","Uttarakhand","North","Forest","Nature","Deodar trails,Trekking trails deodar pine forests wildlife spotting photography panoramic views serene forest walks,serene","forested","panoramic","Year-round","Morning","3","0","4.5","Low","Yes","Medium","Medium","High","30.7000","78.2333","Jolly Grant","Dhanaulti Eco Park Rd","Forest trek; photography","Forest cafe","9.0","8.8","High","Cool","Deodar serenity","Recommended"
"IND364","Potato Farm","Dhanaulti","Uttarakhand","North","Farm","Nature","Organic farm","Organic potato farm amidst hills farm stay fresh produce cooking classes panoramic views agricultural experience,organic","fresh","farmstay","Year-round","Morning","2","100","4.4","Low","Yes","Low","Low","High","30.7000","78.2333","Jolly Grant","Dhanaulti Rd","Farm cooking; stay","Farm fresh thali","8.9","8.7","Medium","Cool","Farm life","Optional"
"IND365","Chopra","Sangramchatti","Uttarakhand","North","Camp","Nature","Yamunotri base","Yamunotri trek base camping hot springs meadows alpine flowers trek gateway serene high valley,base","alpine","hot","May-Nov","Morning","2","0","4.3","Low","Yes","Medium","Low","High","31.0167","78.4333","Jolly Grant","Sangramchatti Rd","Camping; hot springs","Yamunotri camps","8.8","8.6","Medium","Cold","Trek base","Optional"
"IND366","Barkot","Barkot","Uttarakhand","North","Town","Nature","Yamunotri gateway","Yamunotri Gangotri gateway Kempty fall view apple orchards deodar forests serene valley base camp,serene","apple","gateway","May-Nov","Morning","2","0","4.5","Medium","Yes","Low","Medium","High","30.8167","78.2333","Jolly Grant","Barkot Rd","Apple picking; views","Barkot thali","9.0","8.8","Medium","Cool","Gateway serenity","Recommended"
"IND367","Kempty Fall View","Kempty","Barkot","Uttarakhand","North","Viewpoint","Nature","Panoramic fall,Panoramic Kempty Yamuna falls view amidst orchards hills serene valley morning mist photography spot,panoramic","misty","orchard","Apr-Jun","Morning","1.5","0","4.4","Low","Yes","Low","Low","High","30.8167","78.2333","Jolly Grant","Barkot-Kempty Rd","Morning mist; photography","Misty tea","8.9","8.7","High","Cool","Fall panorama","Recommended"
"IND368","Sthal Vikas","Kedarkantha","Uttarakhand","North","Camp","Nature","Trek camp","Sthal Vikas Kedarkantha trek camp alpine meadows base camp panoramic peaks trek gateway serene highland,Sthal","alpine","base","Dec-Apr","Morning","3","0","4.5","Low","Yes","Medium","Low","High","31.0833","78.4167","Jolly Grant","Sankri Rd","Camping; trek base","Sthal maggi","9.0","8.8","Medium","Cold","Trek camp","Recommended"
"IND369","Sankri","Sankri","Uttarakhand","North","Village","Nature","Trek base","Kedarkantha Har Ki Dun base traditional wooden houses apple apricot orchards Govind wildlife sanctuary trek gateway,traditional","orchard","base","May-Nov","Morning","2","0","4.6","Low","Yes","Low","Medium","High","31.3833","78.2333","Jolly Grant","Purola Rd","Homestay; fruit picking","Sankri thali","9.1","8.9","Medium","Cool","Trek village","Recommended"
"IND370","Taluka","Taluka","Uttarakhand","North","Village","Nature","Har Ki Dun base","Har Ki Dun trek base amidst apple forests deodar woods serene valley traditional village trek gateway,serene","forested","traditional","May-Oct","Morning","2","0","4.5","Low","Yes","Low","Medium","High","31.1167","78.3333","Jolly Grant","Sankri-Taluka Rd","Homestay; apple woods","Taluka apple","9.0","8.8","High","Cool","Trek serenity","Recommended"
"IND371","Osla","Osla","Uttarakhand","North","Village","Culture","Ancient village","Ancient Jaunsari village Har Ki Dun trek Swargarohini view traditional houses culture homestay trek highlight,ancient","traditional","panoramic","May-Oct","Morning","2","0","4.6","Low","Yes","Low","High","Medium","31.1167","78.4667","Jolly Grant","Osla Rd","Homestay; Swargarohini","Osla thali","9.1","8.9","Medium","Cool","Ancient trek","Recommended"
"IND372","Dev Thach","Dev Thach","Uttarakhand","North","Camp","Nature","Sacred meadow","Sacred high meadow Har Ki Dun trek alpine flowers base camps panoramic peaks spiritual serene highland,sacred","alpine","spiritual","Jun-Oct","Morning","4","0","4.5","Low","Yes","Medium","High","High","31.1167","78.4667","Jolly Grant","Har Ki Dun Rd","Camping; sacred meadow","Dev camps","9.0","8.8","Medium","Cool","Sacred high","Recommended"
"IND373","Mussoorie (Tier 3)","Mussoorie","Uttarakhand","North","Hill Station","Nature","Queen hills","Victorian hill station Mall Road Kempty Falls Gun Hill colonial charm panoramic Doon valley summer escape,Victorian","panoramic","colonial","Apr-Jun","Morning","4","0","4.7","Medium","Yes","Medium","High","Medium","30.4667","78.0667","Jolly Grant","Mussoorie Bus Stand","Walks; viewpoints","Mussoorie chicken","9.2","9.0","High","Cool","Queen summer","Must Visit"
"IND374","Coorg (Tier 2)","Madikeri","Karnataka","South","Hill Station","Nature","Coffee hills","Abbey Falls Raja Seat Namdroling Tibetan settlement coffee plantations misty hills Kodava culture rainforest,fragrant","misty","Kodava","Oct-May","Morning","4","0","4.8","Low","Yes","Medium","High","High","12.4261","75.7384","Mangalore Airport","Madikeri Rd","Coffee tour; Abbey Falls","Coorg pandi","9.3","9.1","High","Cool","Misty coffee","Must Visit"
"IND375","Chikmagalur (Tier 2)","Chikmagalur","Karnataka","South","Hill Station","Nature","Baba Budan","Hebbe Falls Mullayanagiri Hoysala temples coffee estates cradle of Indian coffee hills misty treks,misty","coffee","Hoysala","Oct-May","Morning","4","0","4.7","Low","Yes","Medium","High","High","13.3167","75.7667","Mangalore Airport","Kadur","Coffee cradle; Mullayanagiri","Akki roti","9.2","9.0","High","Cool","Coffee hills","Recommended"
"IND376","Mount Abu (Tier 2)","Mount Abu","Rajasthan","North","Hill Station","Nature","Dilwara temples","Nakki Lake Dilwara Jain temples sunset point boat club wildlife sanctuary only Rajasthan hill station serene,serene","Jain","lakeside","May-Oct","Morning","4","0","4.6","Medium","Yes","Low","High","High","24.5925","72.7156","Udaipur Airport","Abu Road","Dilwara; Nakki boat","Rajput thali","9.1","8.9","Medium","Cool","Sole oasis","Recommended"
"IND377","Orchha (Tier 3)","Orchha","Madhya Pradesh","Central","Heritage Town","Heritage","Bundela glory","Ram Raja Temple Jehangiri Mahal cenotaphs Betwa river medieval architecture Bundelkhand history light show,medieval","Bundela","riverside","Oct-Mar","Morning","5","0","4.8","Medium","Yes","Medium","High","Medium","25.3500","78.6333","Jhansi Airport","Orchha Jn","Ram Raja; Betwa walk","Bundelkhand thali","9.3","9.1","High","Sunny","Bundela magic","Must Visit"
"IND378","Alleppey (Tier 2)","Alappuzha","Kerala","South","Backwaters","Nature","Venice of East","Houseboat cruises paddy fields coconut groves village life quintessential Kerala backwater experience serene aquatic,serene","aquatic","paddy","Oct-Mar","Morning","4","0","4.9","Low","Yes","Low","Low","High","9.4981","76.3388","Cochin Intl","Alappuzha","Overnight houseboat; toddy","Karimeen pollichathu","9.5","9.3","High","Tropical","Backwater bliss","Must Visit"
"IND379","Gokarna (Tier 3)","Gokarna","Karnataka","South","Pilgrimage Beach","Spiritual","Om beach","Mahabaleshwar Temple Om Beach Kudle Beach Half Moon spiritual beaches hippie vibe Shiva pilgrimage Karnataka coast,sacred","beach","spiritual","Oct-May","Morning","4","0","4.7","Medium","Yes","Medium","High","High","14.5500","74.3167","Goa Dabolim","Gokarna Rd","Temple; beach trek","Gokarna fish","9.2","9.0","High","Tropical","Sacred sands","Recommended"
"IND380","Lansdowne (Tier 3)","Lansdowne","Uttarakhand","North","Hill Station","Nature","Cantonment peace","Garhwal Rifles Regimental War Memorial Bhulla Lake Tip n Top colonial bungalows pine oak forests serene cantonment,serene","cantonment","pine","Apr-Jun","Morning","3","0","4.6","Low","Yes","Low","Medium","High","29.8333","78.6833","Jolly Grant","Kotdwar Jn","Bhulla Lake; war memorial","Garhwal thali","9.1","8.9","Medium","Cool","Cantonment calm","Recommended"
"IND381","Chail (Tier 3)","Chail","Himachal Pradesh","North","Hill Station","Nature","World tallest cricket ground","Kali Ka Tibba Palace Hotel pine forests cricket ground world's highest cricket ground panoramic views serene hill station,serene","pine","highest","Apr-Oct","Morning","3","0","4.5","Low","Yes","Low","Medium","High","30.9667","77.1333","Shimla Airport","Solan","Cricket ground; palace","Kali thali","9.0","8.8","Medium","Cool","Highest pitch","Recommended"
"IND382","Munsiyari (Tier 3)","Munsiyari","Uttarakhand","North","Base Camp","Nature","Panchachuli base","Khaliya Top Ralam Milam base birthi falls panoramic Panchachuli peaks Kumaon Himalaya trekker paradise,panoramic","base","mountaineering","May-Oct","Morning","4","0","4.7","Low","Yes","Medium","High","High","30.3167","80.1833","Pithoragarh Airport","Munsiyari","Birthi falls; Khaliya","Munsiyari thali","9.2","9.0","High","Cool","Panchachuli","Recommended"
"IND383","Chopta (Tier 3)","Chopta","Uttarakhand","North","Campground","Nature","Tungnath base","Roopkund Kedarnath trek base alpine meadows rhododendron forests serene highland camping trekker hub,alpine","camping","trek","Apr-Nov","Morning","3","0","4.6","Medium","Yes","Medium","High","High","30.4833","79.1000","Jolly Grant","Ukhimath Rd","Tungnath trek; camping","Chopta maggi","9.1","8.9","Medium","Cool","Trek base","Recommended"
"IND384","Pangot (Tier 3)","Pangot","Nainital","Uttarakhand","North","Bird Sanctuary","Nature","Birding paradise,250+ bird species khaleji lake trekking trails pine oak forests serene birdwatcher's paradise Nainital nearby,birding","serene","forested","Oct-Apr","Morning","3","0","4.5","Low","Yes","Low","High","High","29.5167","79.4500","Pantnagar Airport","Pangot Rd","Bird checklist; trails","Pangot bird cafe","9.0","8.8","High","Cool","Bird haven","Recommended"
"IND385","Ranikhet (Tier 3)","Ranikhet","Uttarakhand","North","Cantonment","Nature","Golf course","Chaubatia Gardens Jhula Devi pine forests golf course army cantonment panoramic Himalayas serene Kumaon hills,serene","pine","cantonment","Apr-Jun","Morning","4","0","4.6","Low","Yes","Low","Medium","High","29.6167","79.4333","Pantnagar Airport","Ranikhet Rd","Chaubatia; Jhula Devi","Rajbhawan thali","9.1","8.9","Medium","Cool","Cantonment peace","Recommended"
"IND386","Abbey Falls (Tier 3)","Abbey","Madikeri","Karnataka","South","Waterfall","Nature","River plunge,River plunging through cardamom estates hanging bridge misty spray rainforest sounds Coorg classic,cascading","fragrant","misty","Oct-May","Morning","1","15","4.6","Medium","Yes","Low","Low","High","12.4067","75.7028","Mangalore Airport","Madikeri Rd","Hanging bridge; no bath","Coorg pandi curry","9.2","9.0","High","Tropical","Monsoon roar","Recommended"
"IND387","Nisargadhama","Nisargadhama","Cooch Behar","West Bengal","East","Island","Nature","Bamboo island,River island deer park hanging bridge bamboo groves elephant ride boating Coorg rainforest island adventure,adventurous","bamboo","island","Year-round","Morning","2","10","4.4","Medium","Yes","Medium","Low","High","12.4333","75.7333","Mangalore Airport","Cushagarh Rd","Elephant ride; bamboo walk","Bamboo chicken","8.9","8.7","Medium","Tropical","Isle adventure","Optional"
"IND388","Namdroling Monastery","Namgyal","Bengaluru","Karnataka","South","Monastery","Spiritual","Golden temple,Largest Tibetan settlement Golden Temple Padmasambhava statue 40ft Buddha cultural shows refugee settlement,spiritual","golden","Tibetan","Year-round","Morning","2","0","4.6","Medium","Yes","Low","High","Medium","12.4833","76.4167","Mysuru Airport","Bylakuppe Rd","Cultural show; golden temple","Tibetan momo","9.1","8.9","Medium","Tropical","Tibetan gold","Recommended"
"IND389","Tadiandamol","Tadiandamol","Coorg","Karnataka","South","Peak","Nature","Highest peak,Coorg highest peak Tadiandamol trek grasslands shola forests panoramic views coffee estates challenging trek,misty","panoramic","trek","Oct-May","Morning","5","0","4.7","Low","Yes","High","Medium","High","12.0833","75.5833","Mangalore Airport","Virajpet Rd","Tough trek; grasslands","Peak maggi","9.2","9.0","High","Cool","Summit views","Recommended"
"IND390","Iruppu Falls","Iruppu","Coorg","Karnataka","South","Waterfall","Nature","Sacred falls,Rishi Lakshmindra sacred falls Lakshmana Tirtha temple rainforest trek 52m plunge Coorg spiritual nature,scenic","sacred","rainforest","Oct-May","Morning","2","0","4.5","Low","Yes","Medium","High","High","11.9167","75.6167","Mangalore Airport","Gonikoppal Rd","Temple trek; sacred bath","Coorg veg thali","9.0","8.8","Medium","Tropical","Sacred cascade","Recommended"
"IND391","Chelavara Falls","Chelavara","Chikmagalur","Karnataka","South","Waterfall","Nature","Hidden falls,Hidden waterfall amidst coffee estates rainforest trek pools swimming natural shower Chikmagalur gem,hidden","rainforest","swimming","Oct-May","Morning","3","0","4.6","Low","Yes","High","Low","High","13.3167","75.7667","Mangalore Airport","Aldur Rd","Trek 3km; pools","Coffee estate curry","9.1","8.9","High","Tropical","Hidden splash","Recommended"
"IND392","Mullayanagiri","Mullayanagiri","Chikmagalur","Karnataka","South","Peak","Nature","Highest peak,Karnataka highest peak Mullayanagiri trek cave temple panoramic Baba Budangiri hills coffee estates sunrise views,panoramic","highest","sunrise","Oct-May","Dawn","3","0","4.7","Low","Yes","High","Medium","High","13.3833","75.6333","Mangalore Airport","Mullayanagiri Rd","Sunrise trek; cave temple","Sunrise dosa","9.2","9.0","High","Cool","Peak sunrise","Recommended"
"IND393","Hebbe Falls","Hebbe","Chikmagalur","Karnataka","South","Waterfall","Nature","Jeep falls,Waterfalls jeep safari through coffee estates forest pools swimming Hebbe lake Chikmagalur adventure,adventurous","jeep","forest","Oct-May","Morning","3","100","4.5","Medium","Yes","High","Low","High","13.3167","75.7667","Mangalore Airport","Balebail Rd","Jeep safari; pools","Hebbe fish curry","9.0","8.8","Medium","Tropical","Jeep splash","Recommended"
"IND394","Baba Budangiri","Baba Budangiri","Chikmagalur","Karnataka","South","Hill","Nature","Sufi saint,Hills cradle Indian coffee Baba Budan dargah pilgrimage trekking panoramic views misty Chikmagalur highland,pilgrimage","misty","coffee","Oct-May","Morning","3","0","4.6","Low","Yes","Medium","High","High","13.3167","75.6833","Mangalore Airport","Dattagiri Rd","Dargah; trek","Baba thali","9.1","8.9","Medium","Cool","Coffee saint","Recommended"
"IND395","Kemmangundi","Kemmangundi","Chikmagalur","Karnataka","South","Hill Station","Nature","Rose gardens,Hebbe Falls rose gardens Hebbale gundi waterfall Kalhatti falls KMTR garden misty hill station Chikmagalur jewel,garden","misty","waterfall","Oct-May","Morning","3","0","4.5","Low","Yes","Medium","Low","High","13.5333","75.7333","Mangalore Airport","Tarika Rd","Rose garden; falls","Kemmangundi veg","9.0","8.8","Medium","Cool","Misty gardens","Recommended"
"IND396","Dilwara Temples","Mount Abu","Rajasthan","North","Temple","Spiritual","Jain marvel","11th century marble Jain temples Dilwara intricate carvings world's finest marble carving Mount Abu spiritual gem,intricate","marble","Jain","May-Oct","Morning","2","200","4.9","Low","Yes","Low","High","Low","24.6000","72.7000","Udaipur Airport","Dilwara Rd","Carvings detail; silence","Jain thali","9.5","9.3","Medium","Cool","Marble art","Must Visit"
"IND397","Nakki Lake","Mount Abu","Rajasthan","North","Lake","Nature","Ancient lake","Ancient lake boating sunset point paddle boats cafe shacks family picnic Mount Abu heart scenic,serene","aquatic","sunset","Year-round","Morning","2","50","4.6","Medium","Yes","Low","Low","High","24.5925","72.7156","Udaipur Airport","Abu Road","Night boating; sunset","Mount Abu coffee","9.1","8.9","Medium","Cool","Lake serenity","Recommended"
"IND398","Sunset Point","Mount Abu","Rajasthan","North","Viewpoint","Nature","Panorama point","Canyon views sunset golden hour Mount Abu favorite viewpoint camel ride photography canyon colors,panoramic","sunset","camel","Year-round","Sunset","1.5","30","4.7","High","Yes","Low","Low","High","24.5833","72.7167","Udaipur Airport","Nakki Rd","Camel ride; golden hour","Sunset pakoda","9.2","9.0","High","Cool","Golden canyon","Recommended"
"IND399","Wildlife Sanctuary","Mount Abu","Rajasthan","North","Wildlife","Nature","Nakki lake","Tiger leopard sanctuary Nakki Lake view jungle safari nature trails Aravalli biodiversity Mount Abu wild side,wild","jungle","safari","Oct-May","Morning","3","200","4.5","Low","Yes","High","Medium","High","24.6000","72.7000","Udaipur Airport","Abu Road","Safari; trails","Sanctuary thali","9.0","8.8","Medium","Cool","Wild Abu","Recommended"
"IND400","Peace Park","Mount Abu","Rajasthan","North","Park","Nature","Meditation park","Jain meditation park serene gardens statues peaceful ambiance Mount Abu spiritual relaxation spot,serene","spiritual","peaceful","Year-round","Morning","1","0","4.4","Low","Yes","Low","High","Medium","24.5925","72.7156","Udaipur Airport","Gaumukh Rd","Meditation; gardens","Jain veg thali","8.9","8.7","Medium","Cool","Peace oasis","Optional"
"IND401","Ram Raja Temple","Orchha (Tier 3)","Madhya Pradesh","Central","Temple","Spiritual","Palace temple","Ram statue in palace unique Ram worshipped as king royal honors Orchha spiritual heart Ramnavmi festival crowds,miraculous","royal","spiritual","Oct-Mar","Morning","1","0","4.7","High","Yes","Low","High","Low","25.3517","78.6339","Jhansi Airport","Orchha Jn","Festival crowds; royal darshan","Ladoo prasadam","9.2","9.0","Medium","Sunny","Ram rajya","Must Visit"
"IND402","Jehangiri Mahal","Orchha (Tier 3)","Madhya Pradesh","Central","Palace","Heritage","Sandstone marvel","Sandstone palace jharokhas courtyards Bundela craftsmanship symmetrical architecture Orchha jewel,intricate","symmetrical","Bundela","Oct-Mar","Morning","2","20","4.6","Low","Yes","Low","High","Low","25.3533","78.6356","Jhansi Airport","Orchha","Roof terrace; carvings","Sooji halwa","9.0","8.8","High","Sunny","Palace symmetry","Recommended"
"IND403","Cenotaphs","Orchha (Tier 3)","Madhya Pradesh","Central","Cenotaph","Heritage","Betwa riverside","Sandstone chhatris Bundela rulers Betwa reflections golden sunset Orchha skyline medieval memorials,reflective","golden","riverside","Oct-Mar","Sunset","1.5","10","4.5","Low","Yes","Low","High","Medium","25.3486","78.6392","Jhansi Airport","Orchha Jn","Sunset boat; reflections","Poha jalebi","8.9","8.7","High","Sunny","Cenotaph gold","Recommended"
"IND404","Chhatris Complex","Orchha (Tier 3)","Madhya Pradesh","Central","Monument","Heritage","River memorials","Intricately carved chhatris riverbank golden hues sunset boat rides Orchha heritage highlight medieval glory,memorial","carved","golden","Oct-Mar","Sunset","2","20","4.6","Low","Yes","Low","High","Medium","25.3500","78.6400","Jhansi Airport","Orchha Jn","Boat sunset; carvings","Bundelkhand thali","9.1","8.9","Medium","Sunny","Sunset chhatris","Must Visit"
"IND405","Betwa River","Orchha (Tier 3)","Madhya Pradesh","Central","River","Nature","River cruise","Scenic Betwa river cruise chhatris views wildlife boat rides coracle rides Orchha riverside experience,scenic","riverine","coracle","Oct-Mar","Morning","2","100","4.4","Low","Yes","Low","Low","High","25.3500","78.6300","Jhansi Airport","Orchha Jn","Coracle ride; wildlife","River fish","8.8","8.6","Medium","Sunny","River heritage","Recommended"
"IND406","Raja Mahal","Orchha (Tier 3)","Madhya Pradesh","Central","Palace","Heritage","Royal palace","Summer palace frescoes paintings royal apartments Orchha Bundela opulence medieval architecture museum,royal","frescoed","opulent","Oct-Mar","Morning","1.5","10","4.3","Low","Yes","Low","High","Low","25.3500","78.6333","Jhansi Airport","Orchha","Frescoes; royal rooms","Rajsthani dal baati","8.7","8.5","Medium","Sunny","Royal frescoes","Optional"
"IND407","Laxminarayan Temple","Orchha (Tier 3)","Madhya Pradesh","Central","Temple","Spiritual","Bundela temple","Bundela architecture Nagara style temple complex Orchha spiritual heritage medieval architecture serene worship,architectural","spiritual","Bundela","Oct-Mar","Morning","1","0","4.4","Low","Yes","Low","High","Low","25.3500","78.6333","Jhansi Airport","Orchha Jn","Architecture; serene","Prasad","8.9","8.7","Medium","Sunny","Temple peace","Recommended"
"IND408","Chauragarh Fort","Orchha (Tier 3)","Madhya Pradesh","Central","Fort","Heritage","Hill fort","Hilltop fort panoramic views Orchha Betwa river trek ruins Bundela military architecture historical trek,panoramic","trekking","military","Oct-Mar","Morning","3","0","4.5","Low","Yes","Medium","High","High","25.3500","78.6500","Jhansi Airport","Orchha Jn","Tough trek; panorama","Fort maggi","9.0","8.8","High","Sunny","Fort panorama","Recommended"
"IND409","Light Sound Show","Orchha (Tier 3)","Madhya Pradesh","Central","Show","Heritage","Orchha history","Evening light sound show Orchha history Bundela kings temples forts riverside spectacle magical night experience,spectacular","night","magical","Oct-Mar","Evening","1.5","100","4.6","Medium","Yes","Low","High","Low","25.3500","78.6333","Jhansi Airport","Orchha Jn","Evening show; history","Show snacks","9.1","8.9","Medium","Sunny","Night spectacle","Recommended"
"IND410","Raj Mahal Museum","Orchha (Tier 3)","Madhya Pradesh","Central","Museum","Heritage","Royal artifacts","Royal artifacts sculptures paintings Bundela history museum Orchha heritage educational cultural showcase,historic","educational","royal","Oct-Mar","Morning","1.5","20","4.4","Low","Yes","Low","High","Low","25.3500","78.6333","Jhansi Airport","Orchha","Museum artifacts; history","Museum cafe","8.9","8.7","Medium","Sunny","Royal history","Recommended"
"IND411","Alleppey Beach","Alleppey (Tier 2)","Kerala","South","Beach","Nature","Backwater beach","Golden sands lighthouse backwater views beach walks lighthouse climb Arabian Sea sunset Alleppey coastal charm,serene","sunset","lighthouse","Oct-Mar","Sunset","2","0","4.5","Low","Yes","Low","Low","High","9.4833","76.3833","Cochin Intl","Alappuzha Jn","Lighthouse climb; sunset","Toddy prawns","9.0","8.8","High","Tropical","Coastal sunset","Recommended"
"IND412","Marari Beach","Mararikulam","Kerala","South","Beach","Relaxation","Quiet beach","Quiet beach Ayurvedic resorts village walks fishing nets relaxed vibe Alleppey quieter alternative pristine sands,relaxed","Ayurvedic","village","Oct-Mar","Anytime","3","0","4.6","Low","Yes","Low","Low","High","9.6833","76.5167","Cochin Intl","Alleppey Jn","Ayurveda; village walk","Marari fish","9.1","8.9","Medium","Tropical","Quiet sands","Recommended"
"IND413","Pathiramanal Island","Allepuzha","Kerala","South","Island","Nature","Bird island","Bird island Vembanad Lake migratory birds boat rides serene island nature walks backwater biodiversity haven,birding","serene","migratory","Nov-Feb","Morning","2","200","4.5","Low","Yes","Low","High","High","9.6167","76.3833","Cochin Intl","Muhamma Rd","Birdwatching; boat rides","Lake fish curry","9.0","8.8","High","Tropical","Bird isle","Recommended"
"IND414","Arthunkal Beach","Arthunkal","Kerala","South","Beach","Pilgrimage","Pilgrim beach","St Sebastian church beach pilgrimage beach festival seafood relaxed coastal village Alleppey spiritual coast,coastal","spiritual","festival","Oct-Mar","Morning","2","0","4.4","Low","Yes","Low","Medium","High","9.6667","76.3167","Cochin Intl","Harippad Rd","Festival; church","Seafood thali","8.9","8.7","Medium","Tropical","Pilgrim sands","Optional"
"IND415","Krishnapuram Palace","Allepuzha","Kerala","South","Palace","Heritage","Mural painting","18th century palace murals Krishnapuram lake paintings museum Dutch architecture Alleppey heritage gem,mural","Dutch","heritage","Oct-Mar","Morning","1.5","20","4.5","Low","Yes","Low","High","Low","9.3333","76.5000","Cochin Intl","Kayamkulam Jn","Murals; museum","Kerala mural art","9.0","8.8","Medium","Tropical","Mural palace","Recommended"
"IND416","Revi Karunakaran Museum","Allepuzha","Kerala","South","Museum","Art","Doll museum","Unique doll museum miniature world crystal collections ivory carvings Revi couple collection Alleppey cultural treasure,unique","miniature","crystal","Oct-Mar","Morning","1.5","50","4.6","Low","Yes","Low","High","Low","9.5000","76.3333","Cochin Intl","Alappuzha Jn","Doll world; miniatures","Doll house tea","9.1","8.9","Medium","Tropical","Mini marvel","Recommended"
"IND417","Ambalappuzha Temple","Ambalappuzha","Kerala","South","Temple","Spiritual","Nada panakam","Famous palaharam payasam temple Krishna temple classical dance performances Alleppey spiritual culinary fame,pilgrimage","sweet","dance","Year-round","Morning","1.5","0","4.5","Medium","Yes","Low","High","Low","9.5833","76.3833","Cochin Intl","Ambalappuzha Rd","Payasam prasadam; dance","Nada payasam","9.2","9.0","Medium","Tropical","Sweet darshan","Recommended"
"IND418","St Mary's Forane Church","Champakulam","Kerala","South","Church","Heritage","Syrian church","Syrian Christian church boat race heritage Champakulam boat race famous church ancient architecture Alleppey Christian heritage,ancient","boat race","Syrian","Year-round","Morning","1","0","4.4","Low","Yes","Low","Medium","Medium","9.4333","76.4333","Cochin Intl","Champakulam Rd","Boat race; architecture","Syrian curry","8.9","8.7","Medium","Tropical","Church heritage","Optional"
"IND419","Mannarasala Temple","Mannarasala","Kerala","South","Temple","Spiritual","Naga temple","Naga serpent deity temple infertile women pilgrimage snake grove ancient rituals Alleppey serpent worship,serpentine","sacred","Naga","Year-round","Morning","1.5","0","4.3","Low","Yes","Low","High","Medium","9.4167","76.4167","Cochin Intl","Haripad Jn","Naga rituals; grove","Naga prasadam","8.8","8.6","Medium","Tropical","Serpent grace","Optional"
"IND420","Thottappally Beach","Thottappally","Kerala","South","Beach","Nature","Quiet beach","Backwater sea meeting point fishing village quiet sands relaxed vibe Allepuzha coastal escape pristine beach,quiet","fishing","backwater","Oct-Mar","Morning","2","0","4.4","Low","Yes","Low","Low","High","9.3833","76.3667","Cochin Intl","Thottappally Rd","Fishing watch; relaxed walk","Fresh catch","8.9","8.7","High","Tropical","Quiet coast","Optional"
"IND421","Gokarna Beach","Gokarna (Tier 3)","Karnataka","South","Beach","Pilgrimage","Main beach","Mahabaleshwar Temple beach golden sands spiritual pilgrims hippie vibe beach walks Gokarna coastal heart,sacred","golden","pilgrimage","Oct-May","Morning","3","0","4.6","Medium","Yes","Medium","High","High","14.5497","74.3192","Goa Dabolim","Gokarna Beach Rd","Temple walk; beach yoga","Gokarna thali","9.1","8.9","Medium","Tropical","Sacred beach","Must Visit"
"IND422","Kudle Beach","Gokarna (Tier 3)","Karnataka","South","Beach","Relaxation","Crescent beach","Crescent beach shacks yoga beach huts relaxed vibe cliff walk to Om Beach Gokarna hippie haven,relaxed","yoga","crescent","Oct-May","Anytime","3","0","4.7","Low","Yes","Low","Low","High","14.5333","74.3333","Goa Dabolim","Kudle Beach Rd","Yoga; beach huts","Beach shack fish","9.2","9.0","High","Tropical","Hippie haven","Recommended"
"IND423","Om Beach","Gokarna (Tier 3)","Karnataka","South","Beach","Nature","OM shape","OM shaped beach boat rides trekking to Gokarna beach dolphin spotting pristine sands Gokarna natural wonder,pristine","OM","trekking","Oct-May","Morning","3","50","4.8","Low","Yes","Medium","Low","High","14.5333","74.3333","Goa Dabolim","Om Beach Rd","Boat to Gokarna; dolphin","Trek snacks","9.3","9.1","Medium","Tropical","OM sands","Recommended"
"IND424","Half Moon Beach","Gokarna (Tier 3)","Karnataka","South","Beach","Relaxation","Secluded cove","Secluded cove boat access pristine sands relaxed vibe Gokarna hidden beach perfect escape tranquility,secluded","pristine","hidden","Oct-May","Morning","2","100","4.6","Low","Yes","Low","Low","High","14.5167","74.3167","Goa Dabolim","Half Moon Rd","Boat only; tranquility","Boat lunch","9.1","8.9","High","Tropical","Hidden cove","Recommended"
"IND425","Paradise Beach","Gokarna (Tier 3)","Karnataka","South","Beach","Nature","Virgin beach","Virgin beach boat access golden sands pristine waters Gokarna untouched paradise serene relaxation,no shacks","pristine","virgin","Oct-May","Morning","2","100","4.7","Low","Yes","Low","Low","High","14.5000","74.3167","Goa Dabolim","Paradise Rd","Boat access; virgin sands","Fresh coconut","9.2","9.0","Medium","Tropical","Paradise calm","Recommended"
"IND426","Mahabaleshwar Temple","Gokarna (Tier 3)","Karnataka","South","Temple","Spiritual","Atmalinga shrine","Atmalinga miraculously brought from Kashi sacred Shiva temple Gokarna spiritual heart pilgrimage must visit,atmospheric","sacred","pilgrimage","Year-round","Morning","1.5","0","4.8","Medium","Yes","Low","High","Low","14.5497","74.3192","Goa Dabolim","Gokarna Main Rd","Linga darshan; history","Temple prasadam","9.4","9.2","Medium","Tropical","Atmalinga","Must Visit"
"IND427","Bhadrakali Temple","Gokarna (Tier 3)","Karnataka","South","Temple","Spiritual","Kali temple","Ancient Kali temple beachside spiritual power Gokarna fierce deity worship coastal pilgrimage,fiery","spiritual","coastal","Year-round","Morning","1","0","4.4","Low","Yes","Low","High","Low","14.5497","74.3192","Goa Dabolim","Gokarna Beach Rd","Kali darshan; beachside","Kali puja","8.9","8.7","Medium","Tropical","Fierce grace","Optional"
"IND428","Yana Caves (Tier 3)","Yana","Karnataka","South","Cave","Adventure","Rock pinnacles","Spectacular limestone pinnacles caves amidst rainforest short trek geological wonder Sirsi hidden marvel,geological","otherworldly","trek","Oct-May","Morning","3","50","4.6","Low","Yes","High","Low","High","14.5667","74.5000","Hubli Airport","Yana Rd","Trek shoes; formations","Rainforest curry","9.1","8.9","High","Tropical","Rock wonder","Recommended"
"IND429","Unchalli Falls","Unchalli","Karn Karnataka","South","Waterfall","Nature","L shaped falls","L shaped 116m falls rainforest trek hidden gem Sirsi area pristine cascade lesser known waterfall,hidden","L shaped","pristine","Jun-Sep","Morning","3","0","4.5","Low","Yes","High","Low","High","14.3167","74.7833","Hubli Airport","Sirsi Rd","Trek 3km; rainforest","Malnad chicken","9.0","8.8","Medium","Tropical","Hidden roar","Recommended"
"IND430","Marikamba Temple","Sirsi","Karnataka","South","Temple","Spiritual","Car festival","Famous Marikamba temple car festival unique rituals Sirsi spiritual heart tribal culture ancient worship,devotional","festival","tribal","Year-round","Morning","2","0","4.4","Low","Yes","Low","High","Low","14.6167","74.6167","Hubli Airport","Sirsi Jn","Car festival; rituals","Temple prasadam","8.9","8.7","Medium","Tropical","Festival spirit","Optional"
"IND431","Sahasralingeshwara Temple","Sirsi","Karnataka","South","Temple","Spiritual","Sahasra linga","Thousand Shiva linga temple Sahasralinga ancient architecture spiritual complex Sirsi heritage worship,ancient","multi linga","spiritual","Year-round","Morning","1.5","0","4.3","Low","Yes","Low","High","Low","14.6167","74.6167","Hubli Airport","Sirsi","Mass linga; serene","Sirsi veg thali","8.8","8.6","Medium","Tropical","Linga serenity","Optional"
"IND432","Madikeri Fort","Madikeri (Tier 2)","Karnataka","South","Fort","Heritage","Coorg capital","17th century fort museum church panoramic views district office Gothic church Coorg historical center,panoramic","historic","Gothic","Oct-Apr","Morning","1.5","10","4.4","Low","Yes","Low","High","Low","12.4261","75.7384","Mangalore Airport","Madikeri Rd","Museum; church organ","Nadan kari","8.9","8.7","Medium","Tropical","Fort views","Recommended"
"IND433","Raja's Tomb","Madikeri (Tier 2)","Karnataka","South","Tomb","Heritage","Kodava kings","Kodava kings tombs hanging lamps intricate carvings panoramic views Coorg royal memorials historical serene,royal","intricate","panoramic","Oct-Apr","Morning","1","10","4.5","Low","Yes","Low","High","Low","12.4261","75.7384","Mangalore Airport","Madikeri Rd","Carvings; views","Raja thali","9.0","8.8","Medium","Tropical","Royal tombs","Recommended"
"IND434","Gaddige (Tier 2)","Gaddige","Madikeri","Karnataka","South","Tomb","Heritage","Green tomb,Green tomb complex Kodava royalty intricate carvings serene gardens Coorg burial tradition historical site,serene","green","intricate","Oct-Apr","Morning","1","5","4.3","Low","Yes","Low","High","Low","12.4333","75.7333","Mangalore Airport","Madikeri Rd","Gardens; carvings","Green tomb veg","8.8","8.6","Medium","Tropical","Serene tombs","Optional"
"IND435","St Mark's Church","Madikeri (Tier 2)","Karnataka","South","Church","Heritage","Colonial church","Colonial church Gothic architecture organ graveyard British era Coorg Christian heritage serene worship,architectural","colonial","serene","Oct-Apr","Morning","1","0","4.4","Low","Yes","Low","Medium","Low","12.4261","75.7384","Mangalore Airport","Madikeri Rd","Organ music; graveyard","Church tea","8.9","8.7","Medium","Tropical","Colonial faith","Recommended"
"IND436","Ooty Lake","Ooty (Tier 2)","Tamil Nadu","South","Lake","Nature","Boating lake","Artificial lake boating paddle boats musical fountain kids rides rose garden nearby Ooty family favorite,aquatic","family","musical","Year-round","Morning","2","30","4.5","High","Yes","Low","Low","Medium","11.4000","76.7000","Coimbatore Airport","Ooty Jn","Boating; fountain","Ooty tea","9.0","8.8","Medium","Cool","Lake family","Recommended"
"IND437","Botanical Gardens","Ooty (Tier 2)","Tamil Nadu","South","Garden","Nature","Fossil tree","Fossil tree flower show terrace garden 55 acre gardens Nilgiri flora Ooty summer flower carnival,floral","fossil","terrace","May-Jun","Morning","3","30","4.6","Medium","Yes","Low","Low","High","11.4000","76.7000","Coimbatore Airport","Hill Grove Rd","Flower show; fossil tree","Chocolate pakoda","9.1","8.9","High","Cool","Botanical bloom","Recommended"
"IND438","Doddabetta Peak","Ooty (Tier 2)","Tamil Nadu","South","Peak","Nature","Nilgiri highest","Nilgiri highest peak telescope house 360 panorama Doddabetta tea estate views Ooty highest point,panoramic","highest","telescope","Year-round","Morning","2","20","4.7","Medium","Yes","Low","Low","High","11.4167","76.6833","Coimbatore Airport","Ooty Rd","Telescope; 360 views","Peak tea","9.2","9.0","Medium","Cool","Nilgiri top","Recommended"
"IND439","Thread Garden","Ooty (Tier 2)","Tamil Nadu","South","Garden","Art","Thread flowers","Unique thread flowers miniature trees thread art botanical marvel Ooty curiosity flower arrangements,unique","thread","miniature","Year-round","Morning","1","20","4.5","Low","Yes","Low","Medium","Low","11.4167","76.7000","Coimbatore Airport","Near Charing Cross","Thread marvel; mini trees","Thread cafe","9.0","8.8","Medium","Cool","Thread wonder","Recommended"
"IND440","Chocolate Museum","Ooty (Tier 2)","Tamil Nadu","South","Museum","Food","Chocolate history","Chocolate making history varieties tasting chocolate sculptures Nilgiri chocolate museum Ooty sweet tooth delight,chocolate","tasting","sculpture","Year-round","Morning","1.5","50","4.6","Medium","Yes","Low","Low","Low","11.4167","76.7000","Coimbatore Airport","Charing Cross Rd","Tasting; sculptures","Ooty chocolate","9.3","9.1","Medium","Cool","Sweet museum","Recommended"
"IND441","Rose Garden","Ooty (Tier 2)","Tamil Nadu","South","Garden","Nature","Flower garden","Variety roses terrace garden Nilgiri flora flower show Ooty floral beauty romantic walks,floral","terrace","romantic","Year-round","Morning","2","20","4.5","Medium","Yes","Low","Low","High","11.4167","76.6833","Coimbatore Airport","Lake Near Rd","Rose varieties; walks","Rose tea","9.0","8.8","Medium","Cool","Rose romance","Recommended"
"IND442","St Stephens Church","Ooty (Tier 2)","Tamil Nadu","South","Church","Heritage","British church","British era church stained glass colonial architecture serene worship Ooty Christian heritage peaceful,architectural","serene","colonial","Year-round","Morning","1","0","4.4","Low","Yes","Low","Medium","Low","11.4000","76.7000","Coimbatore Airport","Church Road","Stained glass; peace","Church tea","8.9","8.7","Medium","Cool","Colonial faith","Optional"
"IND443","Government Botanical Garden","Ooty (Tier 2)","Tamil Nadu","South","Garden","Nature","Fossil stump","Fossil tree stump flower shows terrace garden 55 acres Nilgiri flora biodiversity Ooty green lung,floral","fossil","biodiversity","May-Jun","Morning","3","30","4.7","Medium","Yes","Low","Medium","High","11.4000","76.7000","Coimbatore Airport","Boat House Rd","Flower show; fossil","Ooty veg thali","9.2","9.0","High","Cool","Botanical heaven","Recommended"
"IND444","9th Mile (Tier 3)","Ooty (Tier 2)","Tamil Nadu","South","Viewpoint","Nature","Scenic view","Scenic viewpoint eucalyptus forests hairpin bends Ooty Mysore road photography spot panoramic valley views,scenic","eucalyptus","panoramic","Year-round","Morning","1","0","4.5","Low","Yes","Low","Low","High","11.4167","76.7000","Coimbatore Airport","9th Mile","Photography; views","Mysore pak","9.0","8.8","Medium","Cool","Scenic bend","Recommended"
"IND445","Pykara Falls","Pykara","Ooty (Tier 2)","Tamil Nadu","South","Waterfall","Nature","Shooting star,52m Pykara falls shooting star boat rides Pykara lake dam Nilgiri rainforest backdrop Ooty nature excursion,cascading","boat","forest","Year-round","Morning","2","20","4.6","Medium","Yes","Low","Low","High","11.3833","76.5000","Coimbatore Airport","Pykara Rd","Boat rides; falls","Pykara trout","9.1","8.9","Medium","Cool","Falls splash","Recommended"
"IND446","Emerald Lake","Pykara","Ooty (Tier 2)","Tamil Nadu","South","Lake","Nature","Crystal lake,Crystal emerald lake amidst pine forests serene walks Pykara boat house Nilgiri hidden gem tranquil beauty,crystal","serene","pine","Year-round","Morning","2","0","4.5","Low","Yes","Low","Low","High","11.3833","76.5000","Coimbatore Airport","Pykara Lake Rd","Tranquil walk; beauty","Emerald tea","9.0","8.8","High","Cool","Lake crystal","Recommended"
"IND447","Lansdowne Church","Lansdowne (Tier 3)","Uttarakhand","North","Church","Heritage","St Mary's","St Mary's church colonial architecture serene cantonment worship Lansdowne peaceful Christian heritage,architectural","serene","colonial","Year-round","Morning","1","0","4.4","Low","Yes","Low","Medium","Low","29.8333","78.6833","Jolly Grant","Lansdowne Bazaar","Peaceful; architecture","Church tea","8.9","8.7","Medium","Cool","Cantonment faith","Optional"
"IND448","Bhulla Lake","Lansdowne (Tier 3)","Uttarakhand","North","Lake","Nature","Pedal boats","Artificial lake pedal boats kids park gardens boating serene Lansdowne family picnic spot cantonment lake,family","serene","pedal","Year-round","Morning","2","20","4.5","Medium","Yes","Low","Low","Medium","29.8333","78.6833","Jolly Grant","Lansdowne Jn","Pedal boats; kids park","Lake snacks","9.0","8.8","Medium","Cool","Lake family","Recommended"
"IND449","Tip-in-Top","Lansdowne (Tier 3)","Uttarakhand","North","Viewpoint","Nature","Panorama point","Highest point Lansdowne panoramic Himalayan views sunset point photography cantonment views serene high point,panoramic","sunset","highest","Year-round","Sunset","1.5","0","4.6","Low","Yes","Low","Low","High","29.8500","78.6833","Jolly Grant","Tip Top Rd","Sunset; panorama","Sunset pakoda","9.1","8.9","High","Cool","Hill panorama","Recommended"
"IND450","Regimental Museum","Lansdowne (Tier 3)","Uttarakhand","North","Museum","Heritage","Garhwal Rifles","Garhwal Rifles museum weapons uniforms history Garhwal Scouts cantonment heritage educational military history,educational","military","historic","Year-round","Morning","1.5","20","4.5","Medium","Yes","Low","High","Low","29.8333","78.6833","Jolly Grant","Lansdowne Cantt","Museum artifacts; history","Museum tea","9.0","8.8","Medium","Cool","Military pride","Recommended"
"IND451","Jhoola Devi Temple","Lansdowne (Tier 3)","Uttarakhand","North","Temple","Spiritual","Durga temple","Durga temple amidst pine forests serene spiritual peace Jhoola Devi blessings Lansdowne faith center,serene","pine","spiritual","Year-round","Morning","2","0","4.6","Low","Yes","Low","High","Medium","29.8333","78.7000","Jolly Grant","Kanvashram Rd","Pine forest; blessings","Prasad","9.1","8.9","Medium","Cool","Forest Devi","Recommended"
"IND452","Chaubatia Gardens","Ranikhet (Tier 3)","Uttarakhand","North","Garden","Nature","Fruit gardens","Apple plum orchards flower garden Himalayan panorama Ranikhet fruit basket gardens cafe scenic walks,fruity","panoramic","orchard","Apr-Jun","Morning","2","30","4.5","Medium","Yes","Low","Low","High","29.6167","79.4333","Pantnagar Airport","Chaubatia Rd","Fruit picking; cafe","Apple pie","9.0","8.8","Medium","Cool","Fruit panorama","Recommended"
"IND453","Golf Course","Ranikhet (Tier 3)","Uttarakhand","North","Golf Course","Sports","Army golf","Cantonment golf course panoramic views pine backdrop army officers scenic golfing Ranikhet highland sport,scenic","pine","cantonment","Year-round","Morning","3","0","4.4","Low","Yes","Low","Low","High","29.6167","79.4333","Pantnagar Airport","Ranikhet Club Rd","Golf views; scenic","Golf club food","8.9","8.7","Medium","Cool","Golf panorama","Optional"
"IND454","Upat Kalika Temple","Ranikhet (Tier 3)","Uttarakhand","North","Temple","Spiritual","Kalika temple","Ancient Kalika temple panoramic views spiritual serene Ranikhet faith center blessings amidst hills,panoramic","spiritual","ancient","Year-round","Morning","2","0","4.5","Low","Yes","Low","High","Medium","29.6167","79.4333","Pantnagar Airport","Upat Rd","Temple views; serene","Kalika prasadam","9.0","8.8","Medium","Cool","Hill blessings","Recommended"
"IND455","Haunted Bungalow","Ranikhet (Tier 3)","Uttarakhand","North","Bungalow","Heritage","Colonel House","Colonel Keith haunted bungalow ghostly legends Ranikhet cantonment mysterious history paranormal interest,haunted","mysterious","colonial","Year-round","Morning","1","0","4.3","Low","Yes","Medium","High","Low","29.6167","79.4333","Pantnagar Airport","Sadar Bazaar Rd","Legends; caution","Ghost stories tea","8.8","8.6","Medium","Cool","Haunted tales","Optional"
"IND456","Bansi Narain Temple","Ranikhet (Tier 3)","Uttarakhand","North","Temple","Spiritual","Ancient temple","Ancient Bansi Narain temple serene spiritual Ranikhet faith amidst pine forests peaceful worship,serene","pine","ancient","Year-round","Morning","1.5","0","4.4","Low","Yes","Low","High","Low","29.6167","79.4333","Pantnagar Airport","Majkhali Rd","Pine temple; peace","Prasad","8.9","8.7","Medium","Cool","Ancient faith","Optional"
"IND457","Chail Palace","Chail (Tier 3)","Himachal Pradesh","North","Palace","Heritage","Maharaja palace","Maharaja of Patiala palace hotel heritage property colonial architecture panoramic views Chail royal stay,royal","colonial","panoramic","Apr-Oct","Morning","2","0","4.6","Medium","Yes","Low","High","Medium","30.9667","77.1333","Shimla Airport","Solan Rd","High tea; heritage","Palace cuisine","9.1","8.9","Medium","Cool","Royal heritage","Recommended"
"IND458","Kali Ka Tibba","Chail (Tier 3)","Himachal Pradesh","North","Temple","Spiritual","Hill temple","Hilltop Kali temple 360 Himalayan panorama blessings spiritual serene Chail faith center panoramic worship,panoramic","spiritual","360","Year-round","Morning","2","0","4.5","Low","Yes","Low","High","High","30.9667","77.1333","Shimla Airport","Chail Bazaar Rd","Temple trek; panorama","Kali prasadam","9.0","8.8","Medium","Cool","Temple 360","Recommended"
"IND459","Cricket Ground","Chail (Tier 3)","Himachal Pradesh","North","Sports Ground","Sports","World highest","World's highest cricket ground panoramic views pine forests serene sporting heritage Chail unique landmark,unique","highest","panoramic","Year-round","Morning","1.5","0","4.7","Low","Yes","Low","Low","High","30.9667","77.1333","Shimla Airport","Chail Palace Rd","Views; highest pitch","Cricket cafe","9.2","9.0","Medium","Cool","Highest ground","Recommended"
"IND460","Sadhupul","Sadhupul","Chail","Himachal Pradesh","North","River","Nature","River picnic,Sutlej river picnic spot trout fishing scenic bends Chail excursion serene riverside relaxation,serene","trout","picnic","Apr-Oct","Morning","2","0","4.4","Low","Yes","Low","Low","High","30.9167","77.1667","Shimla Airport","Sadhupul Rd","Fishing; picnic","Sutlej trout","8.9","8.7","Medium","Cool","River relax","Optional"
"IND461","Waterfall Point","Chail (Tier 3)","Himachal Pradesh","North","Waterfall","Nature","Hidden falls","Hidden waterfall amidst pine forests trek pools natural shower Chail adventure nature spot serene cascade,hidden","pine","trek","Apr-Oct","Morning","2","0","4.5","Low","Yes","High","Low","High","30.9667","77.1333","Shimla Airport","Chail Kufri Rd","Trek; natural shower","Waterfall maggi","9.0","8.8","High","Cool","Cascade trek","Recommended"
"IND462","Kufri","Kufri","Chail","Himachal Pradesh","North","Hill Station","Nature","Horse ride,Horse riding Himalayan zoo adventure park skiing winter sports panoramic views Chail nearby Shimla excursion","adventurous","skiing","panoramic","Dec-Mar Winter","2","100","4.4","Medium","Yes","Medium","Low","High","31.1000","77.2500","Shimla Airport","Kufri"," Horse ride; zoo","Kufri momo","8.9","8.7","Medium","Cold","Winter sports","Optional"
"IND463","Mashobra","Mashobra","Shimla","Himachal Pradesh","North","Hill Station","Nature","Apple orchards,Craignano palace apple orchards Tattapani hot springs trekking trails serene Shimla suburb peaceful retreat,serene","apple","trekking","Apr-Jun","Morning","3","0","4.5","Low","Yes","Low","Medium","High","31.1000","77.2167","Shimla Airport","Mashobra Rd","Orchards; palace","Mashobra apple","9.0","8.8","Medium","Cool","Orchard peace","Recommended"
"IND464","Craignano Palace","Mashobra","Himachal Pradesh","North","Palace","Heritage","Royal palace","Royal palace museum heritage property colonial architecture apple orchards Mashobra royal history serene stay,historic","colonial","royal","Year-round","Morning","1.5","50","4.6","Low","Yes","Low","High","Medium","31.1000","77.2167","Shimla Airport","Mashobra","Museum; heritage","Palace tea","9.1","8.9","Medium","Cool","Royal heritage","Recommended"
"IND465","Tattapani","Tattapani","Shimla","Himachal Pradesh","North","Hot Spring","Nature","Sutlej hot spring,Sutlej river hot springs sulphur baths rafting scenic bends Mashobra excursion therapeutic natural spa,therapeutic","rafting","scenic","Year-round","Morning","2","0","4.5","Low","Yes","Medium","Low","High","31.2333","77.3500","Shimla Airport","Tattapani Rd","Sulphur bath; rafting","River thali","9.0","8.8","Medium","Tropical","Hot relax","Recommended"
"IND466","Shoja","Shoja","Banjar","Himachal Pradesh","North","Village","Nature","Serene village,Jalori pass base apple orchards Serolsar lake trek Raghupur fort Serolsar temple pristine Tirthan valley village,pristine","apple","trek","Apr-Oct","Morning","3","0","4.6","Low","Yes","Low","Medium","High","31.5500","77.2667","Kullu Airport","Banjar Rd","Homestay; Serolsar trek","Shoja thali","9.1","8.9","Medium","Cool","Village serene","Recommended"
"IND467","Jalori Pass","Jalori","Shoja","Himachal Pradesh","North","Pass","Nature","High pass,10,800ft pass Raghupur fort Serolsar lake alpine meadows deodar forests Tirthan valley scenic pass trek,alpine","scenic","fort","May-Oct","Morning","3","0","4.5","Low","Yes","Medium","Medium","High","31.5333","77.2833","Kullu Airport","Banjar Rd","Trek Serolsar; fort","Jalori maggi","9.0","8.8","High","Cool","Pass alpine","Recommended"
"IND468","Serolsar Lake","Serolsar","Shoja","Himachal Pradesh","North","Lake","Nature","Sacred lake,Sacred lake amidst deodar forests trek alpine flowers temple lakeside serene Tirthan valley hidden gem,serene","sacred","deodar","May-Oct","Morning","4","0","4.7","Low","Yes","Low","High","High","31.5333","77.2833","Kullu Airport","Jalori Pass Rd","Trek 3km; sacred lake","Lake prasadam","9.2","9.0","Medium","Cool","Sacred serene","Recommended"
"IND469","Raghupur Fort","Raghupur","Shoja","Himachal Pradesh","North","Fort","Heritage","Ruins trek,Rajput fort ruins panoramic Tirthan valley views Jalori Pass trek historical ruins amidst alpine meadows,panoramic","ruins","Rajput","May-Oct","Morning","4","0","4.6","Low","Yes","Medium","High","High","31.5333","77.2833","Kullu Airport","Jalori Rd","Trek ruins; panorama","Fort maggi","9.1","8.9","High","Cool","Fort ruins","Recommended"
"IND470","Tirthan Valley","Tirthan","Banjar","Himachal Pradesh","North","Valley","Nature","Trout paradise,Great Himalayan National Park trout fishing apple villages trekking pristine Tirthan river valley biodiversity haven,pristine","trout","trekking","Apr-Oct","Morning","4","0","4.8","Low","Yes","High","Medium","High","31.5500","77.2667","Kullu Airport","Banjar Rd","Fishing; homestay","Tirthan trout","9.3","9.1","High","Cool","River paradise","Must Visit"
"IND471","Kelang Temple","Sissu","Manali","Himachal Pradesh","North","Temple","Spiritual","Ancient temple,Ancient temple panoramic Atal Tunnel views Sissu lake Rohtang meadows spiritual serene Lahaul landmark,panoramic","ancient","spiritual","May-Oct","Morning","1.5","0","4.5","Low","Yes","Low","High","Medium","32.0833","77.5333","Kullu Airport","Sissu Rd","Temple views; serene","Prasad","9.0","8.8","Medium","Cool","Temple tunnel","Recommended"
"IND472","Sissu Lake","Sissu","Manali","Himachal Pradesh","North","Lake","Nature","High lake,High altitude lake amidst barren mountains Chandra river turquoise waters serene walks Sissu village backdrop,serene","turquoise","barren","May-Oct","Morning","1.5","0","4.4","Low","Yes","Low","Low","High","32.0833","77.5333","Kullu Airport","Sissu","Walks; turquoise","Sissu tea","8.9","8.7","Medium","Cool","Lake serene","Optional"
"IND473","Baralacha La","Baralacha","Manali","Himachal Pradesh","North","Pass","Nature","High pass,15,900ft pass Bhaga Chandra rivers origin lakes high meadows panoramic Lahaul Spiti Zanskar views,panoramic","high","lakes","Jun-Sep","Morning","2","0","4.6","Low","Yes","Medium","Low","High","32.7667","77.5667","Kullu Airport","Jispa Rd","High pass; lakes","Pass maggi","9.1","8.9","High","Cold","Pass panorama","Recommended"
"IND474","Deepak Tal","Deepak","Manali","Himachal Pradesh","North","Lake","Nature","High lake,High altitude lake amidst barren mountains surreal blue waters panoramic peaks serene Lahaul hidden gem,serene","surreal","barren","Jun-Sep","Morning","1","0","4.5","Low","Yes","Low","Low","High","32.7667","77.5667","Kullu Airport","Darcha Rd","Lake surreal; serene","Tal camps","9.0","8.8","Medium","Cold","Lake blue","Recommended"
"IND475","Suraj Tal","Suraj","Manali","Himachal Pradesh","North","Lake","Nature","Surya lake,Suryatal Baralacha origin Bhaga river high lake panoramic peaks camping serene Lahaul Spiti gateway,serene","origin","panoramic","Jun-Sep","Morning","1.5","0","4.6","Low","Yes","Low","Low","High","32.7667","77.5667","Kullu Airport","Baralacha La Rd","Camping; peaks","Surya camps","9.1","8.9","High","Cold","Sun lake","Recommended"
"IND476","Kishtwar National Park","Kishtwar","Jammu & Kashmir","North","Wildlife","Nature","Himalayan tahr","Musk deer Himalayan tahr goral snow leopard high meadows alpine forests biodiversity conservation,pristine","wild","alpine","May-Oct","Morning","5","0","4.7","Low","Yes","High","Medium","High","33.3167","76.8333","Jammu Airport","Kishtwar Rd","Himalayan wildlife; meadows","Tahr curry","9.2","9.0","High","Cool","Wild highland","Recommended"
"IND477","Sinthan Pass","Sinthan","Poonch","Jammu & Kashmir","North","Pass","Nature","Alpine pass,9,200ft meadow Pir Panjal alpine flowers shepherd huts panoramic meadows camping Kashmir highland beauty,alpine","wildflower","shepherd","Jun-Sep","Morning","3","50","4.6","Low","Yes","Medium","Low","High","33.3333","75.1667","Srinagar Intl","Shopian Rd","Camping; flowers","Sinthan camps","9.1","8.9","Medium","Cool","Pass meadow","Recommended"
"IND478","Margan Top","Margan","Poonch","Jammu & Kashmir","North","Pass","Nature","High meadow,13,000ft alpine meadow glacier views camping shepherd trails Pir Panjal pristine highland untouched beauty,alpine","glacial","shepherd","Jul-Sep","Morning","4","0","4.5","Low","Yes","High","Low","High","33.3333","75.1667","Srinagar Intl","Margan Rd","Camping; glacier","Margan maggi","9.0","8.8","High","Cold","Summer alpine","Recommended"
"IND479","Kokernag Gardens","Kokernag","Jammu & Kashmir","North","Garden","Nature","Saffron gardens","Botanical gardens saffron fields trout hatchery Mughal gardens serene South Kashmir floral beauty,floral","saffron","Mughal","Apr-Oct","Morning","2","20","4.5","Low","Yes","Low","Medium","High","33.5667","75.0667","Srinagar Intl","Anantnag Rd","Saffron; hatchery","Kokernag trout","9.0","8.8","Medium","Cool","Saffron serenity","Recommended"
"IND480","Achabal Gardens","Achabal","Jammu & Kashmir","North","Garden","Nature","Jahangir gardens","Jahangir Mughal gardens crystal cascades terraced symmetrical serene South Kashmir historical garden jewel,terraced","Mughal","cascading","Apr-Oct","Morning","1.5","10","4.6","Low","Yes","Low","Low","High","33.5333","75.1667","Srinagar Intl","Achabal Rd","Cascades; symmetry","Achabal tea","9.1","8.9","High","Cool","Garden Mughal","Recommended"
"IND481","Daksum","Daksum","Jammu & Kashmir","North","Village","Nature","Serene village","Trout streams pine forests trekking trails serene valley Bringhi river valley peaceful Anantnag retreat,serene","trout","pine","Apr-Oct","Morning","3","0","4.5","Low","Yes","Low","Low","High","33.4167","75.3167","Srinagar Intl","Sinthan Rd","Fishing; trek","Daksum trout","9.0","8.8","Medium","Cool","Village peace","Recommended"
"IND482","Yaripathri","Yaripathri","Jammu & Kashmir","North","Waterfall","Nature","Hidden falls","Hidden waterfall amidst pine forests trek pools natural shower Sinthan valley adventure pristine cascade,hidden","pine","trek","Apr-Oct","Morning","3","0","4.4","Low","Yes","High","Low","High","33.3333","75.1667","Srinagar Intl","Sinthan Rd","Trek; pools","Yari maggi","8.9","8.7","Medium","Cool","Falls hidden","Optional"
"IND483","Baisaran Meadows","Baisaran","Pahalgam","Jammu & Kashmir","North","Meadow","Nature","Mini Switzerland,High meadows pony rides panoramic Betaab valley views pine forests Pahalgam Switzerland meadows picnic,alpine","pine","panoramic","Apr-Oct","Morning","2","100","4.6","Medium","Yes","Medium","Low","High","34.0000","75.3167","Srinagar Intl","Pahalgam Rd","Pony ride; picnic","Betaab thali","9.1","8.9","Medium","Cool","Swiss meadows","Recommended"
"IND484","Aru Valley","Aru","Pahalgam","Jammu & Kashmir","North","Valley","Nature","Shepherd valley,Shepherd valleys rivers alpine meadows trekking Kolahoi glacier base camps serene Lidder valley beauty,serene","shepherd","alpine","Apr-Oct","Morning","3","0","4.7","Low","Yes","Medium","Low","High","34.1333","75.2333","Srinagar Intl","Aru Rd","Trekking; camps","Aru trout","9.2","9.0","High","Cool","Shepherd serene","Recommended"
"IND485","Betaab Valley","Betaab","Pahalgam","Jammu & Kashmir","North","Valley","Nature","Movie valley,Betaab movie fame valley meadows Lidder river pine forests picnic pony rides panoramic snow peaks,cinematic","meadow","pine","Apr-Oct","Morning","2","50","4.6","Medium","Yes","Low","Low","High","34.1000","75.3167","Srinagar Intl","Baisaran Rd","Pony; movie spots","Betaab tea","9.1","8.9","Medium","Cool","Movie meadows","Recommended"
"IND486","Lidder River","Lidder","Pahalgam","Jammu & Kashmir","North","River","Nature","River adventure,Rafting fishing scenic bends meadows pine forests Lidder valley river adventure nature serene,adventurous","trout","scenic","Apr-Oct","Morning","2","100","4.5","Medium","Yes","Medium","Low","High","34.1000","75.3167","Srinagar Intl","Pahalgam","Lidder rafting; fishing","River trout","9.0","8.8","High","Cool","River thrill","Recommended"
"IND487","Chandanwari","Chandanwari","Pahalgam","Jammu & Kashmir","North","Base Camp","Nature","Amarnath base,Amarnath Yatra base high meadows glacier views Sheshnag lake trek start panoramic peaks pilgrimage base,base","sacred","glacier","Jun-Aug","Morning","2","200","4.6","Medium","Yes","Medium","High","High","34.0833","75.4833","Srinagar Intl","Pahalgam Rd","Yatra base; meadows","Yatra camps","9.1","8.9","Medium","Cold","Yatra start","Recommended"
"IND488","Pahalgam Meadows","Pahalgam","Jammu & Kashmir","North","Meadow","Nature","Green meadows","Lush green meadows Lidder river pine backdrop pony rides picnic panoramic Betaab Aru views Pahalgam heart,green","pine","picnic","Apr-Oct","Morning","2","0","4.7","Medium","Yes","Low","Low","High","34.0167","75.3167","Srinagar Intl","Pahalgam Main Rd","Pony rides; picnic","Pahalgam thali","9.2","9.0","High","Cool","Meadow heart","Recommended"
"IND489","Leh Palace","Leh","Ladakh","North","Palace","Heritage","Namgyal palace","Namgyal dynasty palace ruins panoramic Leh valley views museum Namgyal Tsemo Gompa ancient Ladakhi royal heritage,panoramic","ruins","royal","Jun-Sep","Morning","2","50","4.6","Medium","Yes","Low","High","Medium","34.1667","77.5833","Kushok Bakula","Leh Jn","Museum; views","Leh thukpa","9.1","8.9","Medium","Cold","Royal ruins","Recommended"
"IND490","Shanti Stupa","Leh","Ladakh","North","Stupa","Spiritual","Peace stupa","Japanese peace stupa 360 Leh valley sunrise sunset panoramic views meditation serene spiritual landmark,panoramic","peaceful","sunrise","Jun-Sep","Morning","2","0","4.7","Medium","Yes","Low","High","High","34.1167","77.5667","Kushok Bakula","Leh Jn","Sunrise trek; meditation","Stupa tea","9.2","9.0","High","Cold","Peace panorama","Recommended"
"IND491","Leh Market","Leh","Ladakh","North","Market","Shopping","Ladakhi crafts","Pashmina Ladakhi crafts Tibetan antiques jewelry bustling market Leh old town shopping carnival cultural hub,vibrant","Pashmina","antique","Jun-Sep","Morning","2","0","4.5","High","Yes","Low","Medium","Low","34.1667","77.5833","Kushok Bakula","Leh Main Bazaar","Bargain; crafts","Ladakhi momo","9.0","8.8","Medium","Cold","Market buzz","Recommended"
"IND492","Magnetic Hill","Ladung","Leh","Ladakh","North","Optical Illusion","Nature","Gravity hill,Gravity hill cars roll uphill optical illusion Sonamarg Leh highway mysterious magnetic force tourist favorite, mysterious","optical","gravity","Jun-Sep","Morning","1","0","4.4","High","Yes","Low","Low","Low","34.1667","77.5833","Kushok Bakula","Leh-Khardungla Rd","Car trick; illusion","Maggi stall","8.9","8.7","Medium","Cold","Magnetic fun","Recommended"
"IND493","Spituk Monastery","Spituk","Leh","Ladakh","North","Monastery","Spiritual","Gelugpa gompa,Gelugpa monastery Spituk festival giant Kali statue panoramic views ancient murals Ladakhi Buddhism heritage,spiritual","festival","panoramic","Jun-Sep","Morning","2","0","4.6","Medium","Yes","Low","High","Medium","34.0667","77.5667","Kushok Bakula","Spituk Rd","Festival; Kali statue","Monastery thali","9.1","8.9","Medium","Cold","Buddhist power","Recommended"
"IND494","Hemis Monastery","Hemis","Leh","Ladakh","North","Monastery","Spiritual","Largest gompa,Largest Ladakhi monastery copper Guru Rinpoche Hemis festival ancient murals Ladakhi Buddhism spiritual hub,ancient","festival","copper","Jun-Sep","Morning","2","0","4.7","Medium","Yes","Low","High","Medium","33.9167","77.7000","Kushok Bakula","Hemis Rd","Festival; murals","Hemis thukpa","9.2","9.0","Medium","Cold","Largest gompa","Recommended"
"IND495","Thiksey Monastery","Thiksey","Leh","Ladakh","North","Monastery","Spiritual","Mini Potala,Mini Potala Palace 12 storey monastery Maitreya Buddha 40ft panoramic views Ladakhi Buddhism architectural marvel,architectural","majestic","Maitreya","Jun-Sep","Morning","2","50","4.8","Medium","Yes","Low","High","Medium","34.0667","77.6333","Kushok Bakula","Thiksey Rd","Maitreya; views","Thiksey tea","9.3","9.1","Medium","Cold","Mini Potala","Must Visit"
"IND496","Matho Monastery","Matho","Leh","Ladakh","North","Monastery","Spiritual","Oracle monastery,Oracle festival Matho unique Sakya sect colorful murals ancient oracles Ladakhi Buddhism esoteric tradition,esoteric","oracular","colorful","Jun-Sep","Morning","2","0","4.5","Low","Yes","Low","High","Medium","34.1667","77.6667","Kushok Bakula","Matho Rd","Oracle festival; murals","Matho thali","9.0","8.8","Medium","Cold","Oracle mystery","Recommended"
"IND497","Alchi Monastery","Alchi","Leh","Ladakh","North","Monastery","Spiritual","Ancient murals,1000 year old murals Indo-Tibetan art Alchi finest paintings Ladakhi Buddhism heritage treasure Indus valley,ancient","mural","Indo-Tibetan","Jun-Sep","Morning","2","50","4.6","Low","Yes","Low","High","Medium","34.2333","77.1667","Kushok Bakula","Alchi Rd","Murals; heritage","Alchi veg","9.1","8.9","Medium","Cold","Ancient art","Recommended"
"IND498","Lamayuru Monastery","Lamayuru","Leh","Ladakh","North","Monastery","Spiritual","Moonland gompa,Moonland landscape monastery ancient murals Ladakhi Buddhism panoramic Zanskar views dramatic landscape,moonland","ancient","dramatic","Jun-Sep","Morning","2","50","4.7","Medium","Yes","Low","High","High","34.5667","77.1833","Kushok Bakula","Lamayuru Rd","Moonland; views","Lamayuru thukpa","9.2","9.0","Medium","Cold","Moon gompa","Recommended"
"IND499","Disputed Bridge","Leh","Ladakh","North","Bridge","Adventure","LOC bridge","Indo-Pak LOC bridge controversial disputed territory adventure tourists military area tense atmosphere,tense","controversial","military","Jun-Sep","Morning","1","0","4.3","Medium","No","High","Medium","Low","34.1667","77.5833","Kushok Bakula","Chuchot Rd","Caution; military","Bridge chai","8.8","8.6","Medium","Cold","Tense bridge","Optional"
"IND500","Hunder Sand Dunes","Hunder","Nubra Valley","Ladakh","North","Dunes","Nature","Bactrian camels,Cold desert sand dunes Bactrian camels camel safari diskits monastery Nubra valley surreal desert adventure,exotic","camel","desert","Jun-Sep","Morning","2","200","4.7","Medium","Yes","Medium","Low","High","34.1000","77.6667","Kushok Bakula","Hunder Rd","Camel safari; sunset","Sand thali","9.2","9.0","Medium","Cold","Camel desert","Must Visit"
